"AMBA","ALIMENTOS CONGELADOS","HAMBURGUESAS EXPRESS HAMBURGUESA ","PATY ","4 UN ",7790670050766,"$ 30",99
"AMBA","ALIMENTOS CONGELADOS","HAMBURGUESAS MEDALLON SWIFT x4U 276 gr ","SWIFT ","4 UN ",7790360966841,"$ 30",90
"AMBA","ALMACÉN","ARROZ DOBLE CAROLINA EN ESTUCHE ","NOBLE ","1 KG ",7790203000435,"$ 26",50
"AMBA","ALMACÉN","ARROZ INTREGRAL ","NOBLE ","1 KG ",7790203000336,"$ 15",40
"AMBA","ALMACÉN","ARROZ LARGO FINO ","LUCHETTI ","500 gr ",7790070410610,"$ 8",99
"AMBA","ALMACÉN","ARROZ LARGO FINO 00000 ","MOLINOS ALA ","500 GR ",7791120031564,"$ 7",86
"AMBA","ALMACÉN","AZÚCAR BLANCA ","CHANGO ","1 KG ",7791100000481,"$ 11",76
"AMBA","ALMACÉN","AZÚCAR BLANCA BLANCA ","LEDESMA ","1 KG ",7792540260138,"$ 12",2
"AMBA","ALMACÉN","AZÚCAR BLANCA ECONOMICA ","DOMINO ","1 KG ",7792878000017,"$ 9",62
"AMBA","ALMACÉN","AZÚCAR IMPALPABLE IMPALPABLE ","LA PARMESANA ","500 GR ",7796373002118,"$ 33",48
"AMBA","ALMACÉN","AZÚCAR NEGRA NEGRA ","LA PARMESANA ","250 GR ",7796373002125,"$ 16",70
"AMBA","ALMACÉN","BIZCOCHUELO CHOCOLATE LIBRE DE GLUTEN ","EMETH ","500 GR ",7791113004384,"$ 45",15
"AMBA","ALMACÉN","BIZCOCHUELO VAINILLA ","GODET ","480 GR ",7790580626419,"$ 22",73
"AMBA","ALMACÉN","BIZCOCHUELO VAINILLA LIBRE DE GUTEN ","EMETH ","500 GR ",7791113004353,"$ 45",15
"AMBA","ALMACÉN","CABALLA AL NATURAL ","MELLINO ","380 GR ",7790202000665,"$ 35",50
"AMBA","ALMACÉN","CABALLA AL NATURAL ","PENNISI ","380 GR ",7790202000221,"$ 35",50
"AMBA","ALMACÉN","CABALLA AL NATURAL ","MARECHIARE ","380 GR ",7798003225515,"$ 35",50
"AMBA","ALMACÉN","CABALLA AL NATURAL ","LA GALLEGA ","380 GR ",7790748010043,"$ 35",50
"AMBA","ALMACÉN","CABALLA AL NATURAL ","PUGLISI ","380 GR ",7790748235095,"$ 35",50
"AMBA","ALMACÉN","CABALLA AL NATURAL ","SUPREMACÍA ","380 GR ",7790261032010,"$ 35",50
"AMBA","ALMACÉN","CABALLA EN ACEITE ","MELLINO ","380 GR ",7790202000658,"$ 37",0
"AMBA","ALMACÉN","CABALLA EN ACEITE ","MARECHIARE ","380 GR ",7798003220336,"$ 37",0
"AMBA","ALMACÉN","CABALLA EN ACEITE ","LA GALLEGA ","380 GR ",7790748010036,"$ 37",0
"AMBA","ALMACÉN","CABALLA EN ACEITE ","PUGLISI ","380 GR ",7790748235064,"$ 37",0
"AMBA","ALMACÉN","CABALLA EN ACEITE ","PENNISI ","380 GR ",7790202000207,"$ 37",0
"AMBA","ALMACÉN","CABALLA EN ACEITE ","SUPREMACÍA ","380 GR ",7790261030016,"$ 37",0
"AMBA","ALMACÉN","CACAO EN POLVO ","ARCOR ","360 GR ",7790580402907,"$ 19",11
"AMBA","ALMACÉN","CAFE INSTANTÁNEO EN FRASCO DE VIDRIO ","LA MORENITA ","100 GR ",7790170904767,"$ 38",0
"AMBA","ALMACÉN","CHOCLO EN LATA ENTERO ","ARCOR ","300 GR ",7790580980009,"$ 16",81
"AMBA","ALMACÉN","EDULCORANTE DE MESA ","SI LIGHT ","600 CC ",7790036003108,"$ 24",89
"AMBA","ALMACÉN","EDULCORANTE EN POLVO (EN SOBRES) ","LA VIRGINIA","100/0.8 SOBRES/GR ",7790150695944,"$ 27",99
"AMBA","ALMACÉN","ESENCIA DE VAINILLA ","LA PARMESANA ","250 CC ",7796373002163,"$ 28",98
"AMBA","ALMACÉN","GALLETITAS DE ARROZ MULTICEREAL SIN SAL ","GRANDIET ","100 GR ",7797330102377,"$ 14",7
"AMBA","ALMACÉN","HARINA DE MAÍZ ","PRESTOPRONTA ","750 GR ",7790580538002,"$ 19",50
"AMBA","ALMACÉN","HARINA DE MAÍZ DE CAMPO ","RIVARA ","500 GR ",7798004720088,"$ 9",90
"AMBA","ALMACÉN","HARINA DE MAÍZ DE CAMPO FORTIFICADA ","RIVARA ","400 GR ",7798004720026,"$ 10",90
"AMBA","ALMACÉN","HARINA DE TRIGO 000 ","CAÑUELAS ","1 KG ",7792180001528,"$ 7",8
"AMBA","ALMACÉN","MATE COCIDO EN SAQUITOS DE 2.5 GR ","CACHAMATE ","25 UN ",7792280000193,"$ 10",40
"AMBA","ALMACÉN","MAYONESA ","DÁNICA ","500 GR ",7791620001128,"$ 19",90
"AMBA","ALMACÉN","MAYONESA (DOY PACK) ","BC ","1 KG ",7793360674082,"$ 31",0
"AMBA","ALMACÉN","MERLUZA AL NATURAL ","PUGLISI ","380 GR ",7790748235187,"$ 26",0
"AMBA","ALMACÉN","MERLUZA AL NATURAL ","SUPREMACÍA ","380 GR ",7790261082015,"$ 26",0
"AMBA","ALMACÉN","MERLUZA EN ACEITE ","PUGLISI ","380 GR ",7790748235149,"$ 27",50
"AMBA","ALMACÉN","MERLUZA EN ACEITE ","PENNISI ","380 GR ",7790202000085,"$ 27",50
"AMBA","ALMACÉN","MERLUZA EN ACEITE ","SUPREMACÍA ","380 GR ",7790261080011,"$ 27",50
"AMBA","ALMACÉN","MERLUZA EN AGUA Y ACEITE ","MARECHIARE ","380 GR ",7798003220428,"$ 27",50
"AMBA","ALMACÉN","MERMELADA CIRUELA FRASCO DE VIDRIO ","ARCOR ","454 GR ",7790580509309,"$ 19",85
"AMBA","ALMACÉN","MERMELADA DURAZNO FRASCO DE VIDRIO ","DULCOR ","454 GR ",7793046008415,"$ 19",90
"AMBA","ALMACÉN","ALIMENTO A BASE DE MIEL ","GRANJA ROSALIA ","500 GR ",7790080055023,"$ 26",46
"AMBA","ALMACÉN","MIEL NATURAL MIEL NATURAL EN DOYPACK ","MIELES DEL CHACO ","500 GR ",7798181480140,"$ 57",0
"AMBA","ALMACÉN","MIEL NATURAL MIEL NATURAL EN DOYPACK ","NECTAR DE LOS DIOSES ","500 GR ",7798181480515,"$ 57",0
"AMBA","ALMACÉN","MIEL NATURAL MIEL NATURAL EN POTE OSO PET ","NECTAR DE LOS DIOSES ","340 GR ",7798181480430,"$ 42",0
"AMBA","ALMACÉN","OREGANO ","LA PARMESANA ","50 GR ",7796373002958,"$ 19",58
"AMBA","ALMACÉN","PALILLERO ","IBERIA ","50 UN ",7790900011208,"$ 13",79
"AMBA","ALMACÉN","PAN DE HAMBURGUESA ","LACTAL ","210 GR ",7793890001174,"$ 12",75
"AMBA","ALMACÉN","PAN LACTAL REBANADO / LACTEADO ","LACTAL ","380 GR ",7793890001082,"$ 20",86
"AMBA","ALMACÉN","PAN PARA PANCHOS ","LACTAL ","210 GR ",7793890001150,"$ 12",75
"AMBA","ALMACÉN","PAN RALLADO COMÚN ","MAMÁ COCINA ","1 KG ",7792180004758,"$ 27",86
"AMBA","ALMACÉN","PASAS DE UVA SIN SEMILLA SULTAMITA ","LA PARMESANA ","250 GR ",7796373002767,"$ 42",11
"AMBA","ALMACÉN","POSTRE EN POLVO MOUSSE LIGHT CHOCOLATE ","ROYAL ","40 GR ",7622300871772,"$ 10",40
"AMBA","ALMACÉN","POSTRE EN POLVO MOUSSE LIGHT DULCE DE LECHE ","ROYAL ","30 GR ",7622300871802,"$ 10",40
"AMBA","ALMACÉN","PROVENZAL ","LA PARMESANA ","100 GR ",7796373002750,"$ 59",79
"AMBA","ALMACÉN","PURE DE TOMATE TETRAPACK ","MOLTO ","340 GR ",7798138553408,"$ 9",90
"AMBA","ALMACÉN","SAL ENTREFINA ","DOS ANCLAS ","500 GR ",7792900092683,"$ 7",50
"AMBA","ALMACÉN","SALSA DE SOJA TRADICIONAL ","LA PARMESANA ","300 ML ",7796373002712,"$ 26",15
"AMBA","ALMACÉN","SALSA DE TOMATE FILETO ","MOLTO ","340 GR ",7798138553002,"$ 11",0
"AMBA","ALMACÉN","SALSA DE TOMATE PIZZA ","DE LA HUERTA ","530 CC ",7790036002675,"$ 12",0
"AMBA","ALMACÉN","SALSA DE TOMATE POMAROLLA ","DE LA HUERTA ","530 CC ",7790036002682,"$ 12",0
"AMBA","ALMACÉN","SALSA POMAROLA (DOY PACK) ","SALSATI/LA CAMPAGNOLA ","340 GR ",7793360927508,"$ 14",23
"AMBA","ALMACÉN","SNACKS PAPAS FRITAS ACANALADAS ","PEHUAMAR ","105 GR ",7790310005873,"$ 25",0
"AMBA","ALMACÉN","SNACKS PAPAS FRITAS LB ","BUN ","150 GR ",7790310920039,"$ 24",99
"AMBA","ALMACÉN","SNACKS PAPAS FRITAS MB ","BUN ","80 GR ",7790310919675,"$ 17",0
"AMBA","ALMACÉN","SNACKS PAPAS FRITAS XL ","BUN ","300 GR ",7790310922859,"$ 44",0
"AMBA","ALMACÉN","TE COMÚN EN SAQUITOS ","TARAGÜÍ ","25 UN ",7790387010305,"$ 7",32
"AMBA","ALMACÉN","TE COMÚN EN SAQUITOS ","LA MORENITA ","25 UN ",7790170914759,"$ 7",20
"AMBA","ALMACÉN","VINAGRE DE ALCOHOL ","COMENSAL ","1000 CC ",7792378000814,"$ 10",8
"AMBA","ALMACÉN","VINAGRE VINO ","DOS ANCLAS ","500 GR ",7792900092980,"$ 13",95
"AMBA","ALMACÉN","YERBA MATE SELECCIÓN ESPECIAL ","LA TRANQUERA ","1 KG ",7790480089390,"$ 46",14
"AMBA","ALMACÉN","YERBA MATE SELECCIÓN ESPECIAL ","LA TRANQUERA ","500 GR ",7790480089383,"$ 25",23
"AMBA","ALMACÉN","YERBA MATE CAMPO ","AMANDA ","1 KG ",7792710000243,"$ 52",64
"AMBA","ALMACÉN","YERBA MATE CAMPO & MONTE ","MAÑANITA ","1 KG ",7790387015119,"$ 44",36
"AMBA","ALMACÉN","YERBA MATE CON PALO ","AMANDA ","1 KG ",7792710000014,"$ 46",58
"AMBA","ALMACÉN","YERBA MATE CON PALO BAJO CONTENIDO EN POLVO ","UNIÓN ","500 GR ",7790387014167,"$ 25",47
"AMBA","ALMACÉN","YERBA MATE JUNIOR ","ROSAMONTE ","500 GR ",7790411000210,"$ 25",47
"AMBA","ALMACÉN","YERBA MATE JUNIOR TRILAMINADA ","ROSAMONTE ","1 KG ",7790411001545,"$ 52",64
"AMBA","ALMACÉN","YERBA MATE LIVIANA ","TARAGUI ","1 KG ",7790387013511,"$ 50",14
"AMBA","ALMACÉN","YERBA MATE SUAVE ","ROMANCE ","1 KG ",7790802000164,"$ 52",14
"AMBA","ALMACÉN","YERBA MATE SUAVE ","NOBLEZA GAUCHA ","500 GR ",7790070506696,"$ 24",25
"AMBA","ALMACÉN","YERBA MATE TRADICIONAL ","ROMANCE ","1 KG ",7790802000027,"$ 46",14
"AMBA","BEBES","CHUPETE C/TETINA SILICONA ANATOMICA TALLE 1 ","BABELITO ","1 UN ",7793970326012,"$ 35",99
"AMBA","BEBES","CHUPETE C/TETINA SILICONA ANATOMICA TALLE 2 ","BABELITO ","1 UN ",7793970326029,"$ 35",99
"AMBA","BEBES","CHUPETE C/TETINA SILICONA ANATOMICA TALLE 3 ","BABELITO ","1 UN ",7793970326036,"$ 35",99
"AMBA","BEBES","OLEO CALCAREO ","BABELITO ","500 ML ",7793970551087,"$ 57",30
"AMBA","BEBES","PAÑALES DESCARTABLES PARA BEBES BABYSAN TALLE: GRANDE ","PAMPERS BABYSAN ","52 UN ",7506339326796,"$ 137",33
"AMBA","BEBES","PAÑALES DESCARTABLES PARA BEBES TALLE: X - GRANDE ","PAMPERS BABYSAN ","44 UN ",7506309847092,"$ 137",33
"AMBA","BEBES","PAÑALES DESCARTABLES PARA BEBES CLASSIC PLUS HIPER TALLE: GRANDE","HUGGIES CLASSIC ","52 UN ",7794626003929,"$ 141",33
"AMBA","BEBES","PAÑALES DESCARTABLES PARA BEBES CLASSIC PLUS HIPER TALLE: X-GRANDE","HUGGIES CLASSIC ","44 UN ",7794626003936,"$ 141",33
"AMBA","BEBES","PAÑALES DESCARTABLES PARA BEBES ULTRAPROTECT GR ","BABYSEC ","24 UN ",7790250044277,"$ 88",0
"AMBA","BEBES","PAÑALES DESCARTABLES PARA BEBES ULTRAPROTECT M ","BABYSEC ","30 UN ",7790250044260,"$ 88",0
"AMBA","BEBES","PAÑALES DESCARTABLES PARA BEBES ULTRAPROTECT TRIP ","BABYSEC ","20 UN ",7790250044284,"$ 88",0
"AMBA","BEBES","PAÑALES DESCARTABLES PARA BEBES ULTRAPROTECT XXG ","BABYSEC ","20 UN ",7790250044291,"$ 88",0
"AMBA","BEBIDAS CON ALCOHOL","CERVEZA RUBIA ","IGUANA ","970 ML ",7792798172443,"$ 13",70
"AMBA","BEBIDAS CON ALCOHOL","FERNET 40ﾰ ",1882,"750 CC ",7790139002879,"$ 70",27
"AMBA","BEBIDAS CON ALCOHOL","VINIO FINO TINTO CABERNET SAUVIGNON ","UVITA DEL PLATA ","750 CC ",7790036005010,"$ 36",17
"AMBA","BEBIDAS CON ALCOHOL","VINIO FINO TINTO MALBEC ","UVITA DEL PLATA ","750 CC ",7790036005027,"$ 36",17
"AMBA","BEBIDAS CON ALCOHOL","VINO COMUN BLANCO TETRABRICK ","RESERO ","1 LT ",7790314057021,"$ 12",73
"AMBA","BEBIDAS CON ALCOHOL","VINO FINO TINTO CABERNET SAUVIGNON ","EL SUPREMO ","750 CC ",7790036973500,"$ 37",98
"AMBA","BEBIDAS CON ALCOHOL","VINO FINO TINTO MALBEC ","EL SUPREMO ","750 CC ",7790036973722,"$ 37",98
"AMBA","BEBIDAS SIN ALCOHOL","AGUA SABORIZADA NARANJA ","CELLIER - FAVALORO ","1.5 LT ",7790639002478,"$ 10",73
"AMBA","BEBIDAS SIN ALCOHOL","AGUA SABORIZADA NARANJA DURAZNO ","CELLIER - FAVALORO ","1.5 LT ",7790639002430,"$ 10",73
"AMBA","BEBIDAS SIN ALCOHOL","AGUA SIN GAS MINERAL ","BON AQUA ","2 LT ",7790895003882,"$ 11",20
"AMBA","BEBIDAS SIN ALCOHOL","AGUA SIN GAS MINERALIZADA ","KIN ","2.25 LT ",7790895006555,"$ 11",50
"AMBA","BEBIDAS SIN ALCOHOL","AGUA SIN GAS MINERALIZADA ","KIN ","2 LT ",7790895000119,"$ 11",50
"AMBA","BEBIDAS SIN ALCOHOL","AGUA SIN GAS MINERALIZADA ","CELLIER - FAVALORO ","2 LT ",7790639002416,"$ 9",84
"AMBA","BEBIDAS SIN ALCOHOL","AGUA SIN GAS MINERALIZADA BIDÓN ","KIN ","6 LT ",7790895009679,"$ 29",0
"AMBA","BEBIDAS SIN ALCOHOL","ALIMENTO C/VIT C S/GAS MANZANA - 6 UNIDADES ","BAGGIO VIDA ","1500 CC ",7790036002132,"$ 11",30
"AMBA","BEBIDAS SIN ALCOHOL","ALIMENTO C/VIT C S/GAS NARANJA - 6 UNIDADES ","BAGGIO VIDA ","1500 CC ",7790036002118,"$ 11",30
"AMBA","BEBIDAS SIN ALCOHOL","ALIMENTO C/VIT C S/GAS PERA - 6 UNIDADES ","BAGGIO VIDA ","1500 CC ",7790036002156,"$ 11",30
"AMBA","BEBIDAS SIN ALCOHOL","ALIMENTO C/VIT C S/GAS POMELO - 6 UNIDADES ","BAGGIO VIDA ","1500 CC ",7790036002125,"$ 11",30
"AMBA","BEBIDAS SIN ALCOHOL","ALIMENTO LÍQUIDO ","ADES ","330 ML ",7794000792524,"$ 13",69
"AMBA","BEBIDAS SIN ALCOHOL","ALIMENTO LÍQUIDO ","ADES ","330 ML ",7794000792548,"$ 13",69
"AMBA","BEBIDAS SIN ALCOHOL","GASEOSA COLA ","COCA COLA ","1.5 LT ",7790895000430,"$ 20",60
"AMBA","BEBIDAS SIN ALCOHOL","GASEOSA COLA ","CUNNINGTON ","1.5 LT ",7790639001983,"$ 14",39
"AMBA","BEBIDAS SIN ALCOHOL","GASEOSA COLA ","CUNNINGTON ","2.25 LT ",7790639001976,"$ 17",33
"AMBA","BEBIDAS SIN ALCOHOL","GASEOSA COLA ","MOCORETÁ ","2.25 LT ",7790036004617,"$ 14",50
"AMBA","BEBIDAS SIN ALCOHOL","GASEOSA LIMA LIMÓN ","CUNNINGTON ","1.5 LT ",7790639001662,"$ 14",39
"AMBA","BEBIDAS SIN ALCOHOL","GASEOSA LIMA LIMÓN ","CUNNINGTON ","2.25 LT ",7790639001365,"$ 17",33
"AMBA","BEBIDAS SIN ALCOHOL","GASEOSA LIMA LIMÓN ","MOCORETÁ ","2.25 LT ",7790036004600,"$ 14",50
"AMBA","BEBIDAS SIN ALCOHOL","GASEOSA NARANJA ","MIRINDA ","1.5 LT ",7791813421153,"$ 17",60
"AMBA","BEBIDAS SIN ALCOHOL","GASEOSA NARANJA ","MOCORETÁ ","2.25 LT ",7790036004587,"$ 14",50
"AMBA","BEBIDAS SIN ALCOHOL","GASEOSA POMELO ","MOCORETÁ ","2.25 LT ",7790036004494,"$ 14",50
"AMBA","BEBIDAS SIN ALCOHOL","JUGO CONCENTRADO NARANJA ","CARIOCA ","1.5 LT ",7790895064289,"$ 11",55
"AMBA","BEBIDAS SIN ALCOHOL","JUGO CONCENTRADO NARANJA ","MOCORETÁ ","1.5 LT ",7790036115122,"$ 10",0
"AMBA","BEBIDAS SIN ALCOHOL","JUGO LIQUIDO NARANJA ","BC ","1 LTS ",7793360106033,"$ 21",53
"AMBA","BEBIDAS SIN ALCOHOL","JUGO LISTO NARANJA ","BAGGIO FRESH ","200 ML ",7790036002620,"$ 5",0
"AMBA","BEBIDAS SIN ALCOHOL","JUGOS EN POLVO ANANA ","VERAO ","10 GR ",7622300861131,"$ 2",43
"AMBA","BEBIDAS SIN ALCOHOL","JUGOS EN POLVO MANZANA ","VERAO ","10 GR ",7622300861070,"$ 2",43
"AMBA","BEBIDAS SIN ALCOHOL","JUGOS EN POLVO MANZANA ROJA ","BC ","8.5 GR ",7790580984717,"$ 2",70
"AMBA","BEBIDAS SIN ALCOHOL","JUGOS EN POLVO NARANJA ","VERAO ","10 GR ",7622300861049,"$ 2",43
"AMBA","BEBIDAS SIN ALCOHOL","JUGOS EN POLVO NARANJA - DURAZNO ","ARCOR ","20 GR ",7790580105839,"$ 2",15
"AMBA","BEBIDAS SIN ALCOHOL","JUGOS EN POLVO NARANJA DURAZNO ","VERAO ","10 GR ",7622300861100,"$ 2",43
"AMBA","BEBIDAS SIN ALCOHOL","JUGOS EN POLVO PERA ","BC ","78 GR ",7790580984519,"$ 2",70
"AMBA","BEBIDAS SIN ALCOHOL","SODA MINERALIZADA ","KIN ","2 LT ",7790895000898,"$ 11",50
"AMBA","CARNES Y PROCESADOS","CORTES TRADICIONALES DE CARNE VACUNA ESPINAZO ","SUPERMERCADO ","1 KG ",10008,"$ 24",90
"AMBA","CARNES Y PROCESADOS","CORTES TRADICIONALES DE CARNE VACUNA PALETA ","SUPERMERCADO ","1 KG ",10009,"$ 99",90
"AMBA","CARNES Y PROCESADOS","CORTES TRADICIONALES DE CARNE VACUNA PICADA COMÚN","SUPERMERCADO ","1 KG ",10007,"$ 46",90
"AMBA","CARNES Y PROCESADOS","CORTES TRADICIONALES DE CARNE VACUNA ROAST BEEF","SUPERMERCADO ","1 KG ",10011,"$ 87",90
"AMBA","CARNES Y PROCESADOS","CORTES TRADICIONALES DE CARNE VACUNA ESPINAZO TAPA DE ASADO","SUPERMERCADO ","1 KG ",10010,"$ 88",90
"AMBA","FIAMBRERÍA","SALCHICHAS TIPO VIENA CON PIEL ","SWIFT ","6 UN ",7790360000132,"$ 15",72
"AMBA","FIAMBRERÍA","SALCHICHAS TIPO VIENA CON PIEL ","PATYVIENA SCOOBY DOO ","6 UN ",7790670045625,"$ 15",99
"AMBA","FRUTAS Y VERDURAS","CEBOLLA ","SUPERMERCADO ","1 KG ",10002,"$ 13",90
"AMBA","FRUTAS Y VERDURAS","LECHUGA ","SUPERMERCADO ","1 KG ",10004,"$ 19",99
"AMBA","FRUTAS Y VERDURAS","MANZANA COMERCIAL ","SUPERMERCADO ","1 KG ",10005,"$ 22",0
"AMBA","FRUTAS Y VERDURAS","PAPA ","SUPERMERCADO ","1 KG ",10003,"$ 9",90
"AMBA","GALLETITAS","GALLETITAS DE AGUA CLASICAS ","MEDIA TARDE ","110 GR ",7790040333901,"$ 6",45
"AMBA","GALLETITAS","GALLETITAS DE AGUA CLASICAS SINGLE ","EXPRESS CLASICAS PARAGUAS ","108 GR ",7622300847210,"$ 6",28
"AMBA","GALLETITAS","GALLETITAS DULCES ","BOCA DE DAMA ","160 GR ",7622300829087,"$ 8",28
"AMBA","GALLETITAS","GALLETITAS DULCES CHOCOLATE ","MACUCAS ","126 GR ",7790040174801,"$ 7",72
"AMBA","GALLETITAS","GALLETITAS DULCES CHOCOLATE ","LINCOLN ","153 GR ",7622300742676,"$ 7",22
"AMBA","GALLETITAS","GALLETITAS DULCES CHOCOLATE ","TODDY ","115 GR ",7798113151377,"$ 8",80
"AMBA","GALLETITAS","GALLETITAS DULCES CHOCOMAMS LIBRE DE GLUTEN ","SMAMS ","150 GR ",7798181510199,"$ 27",56
"AMBA","GALLETITAS","GALLETITAS DULCES CLASICAS (PACK X 3) ","VOCACIÓN ","465 GR ",7790040177505,"$ 17",20
"AMBA","GALLETITAS","GALLETITAS DULCES POLVORÍN LIBRE DE GLUTEN ","SMAMS ","130 GR ",7798181510243,"$ 24",26
"AMBA","GALLETITAS","GALLETITAS DULCES POLVORÍN LIBRE DE GLUTEN ","SMAMS ","130 GR ",7798181510250,"$ 24",26
"AMBA","GALLETITAS","GALLETITAS DULCES POLVORÍN LIBRE DE GLUTEN ","SMAMS ","130 GR ",7798181510236,"$ 24",26
"AMBA","GALLETITAS","GALLETITAS DULCES ROCOCÓ ","TERRABUSI ","160 GR ",7622300398545,"$ 15",75
"AMBA","GALLETITAS","GALLETITAS SALADAS JAMÓN ","KESBUN ","100 GR ",7790310003626,"$ 9",74
"AMBA","GALLETITAS","GALLETITAS SALADAS SABOR ORIGINAL ","KESBUN ","100 GR ",7790310002568,"$ 9",74
"AMBA","LÁCTEOS","CREMA DE LECHE ENTERA ","MILKAUT ","200 CC ",7794820015155,"$ 13",13
"AMBA","LÁCTEOS","DULCE DE LECHE ","NATIVO ","400 GR ",7790244009145,"$ 17",99
"AMBA","LÁCTEOS","DULCE DE LECHE ENTERO CLÁSICO ","CASANTO ","400 GR ",7790742151001,"$ 19",90
"AMBA","LÁCTEOS","DULCE DE LECHE FAMILIAR ","YATASTO ","400 GR ",7798111060961,"$ 17",10
"AMBA","LÁCTEOS","DULCE DE LECHE REPOSTERO ","YATASTO ","400 GR ",7798111060299,"$ 17",10
"AMBA","LÁCTEOS","LECHE CHOCOLATADA SEMID ","SANDY ","1000 CC ",7790036007465,"$ 22",0
"AMBA","LÁCTEOS","LECHE CHOCOLATADA SEMID ","SANDY ","200 CC ",7790036007489,"$ 9",0
"AMBA","LÁCTEOS","LECHE CHOCOLATADA EN (SACHET) ","LA SUIPACHENSE ","1 L ",7794396004645,"$ 12",40
"AMBA","LÁCTEOS","LECHE CHOCOLATADA LARGA VIDA ","7 DÍAS ","1000 CC ",7790036948348,"$ 18",68
"AMBA","LÁCTEOS","LECHE CHOCOLATADA LARGA VIDA ","7 DÍAS ","200 CC ",7790036005324,"$ 8",15
"AMBA","LÁCTEOS","LECHE CHOCOLATADA LARGA VIDA ","SHIMMY ","1 LTR ",7790080037357,"$ 21",45
"AMBA","LÁCTEOS","LECHE COMUN DESCREMADA ","ARMONIA ","1 LT ",7793940306006,"$ 11",90
"AMBA","LÁCTEOS","LECHE COMUN DESCREMADA (SACHET) ","SANTA BRIGIDA ","1 LT ",7790080032611,"$ 11",87
"AMBA","LÁCTEOS","LECHE COMUN ENTERA ","ARMONIA ","1 LT ",7793940305009,"$ 11",90
"AMBA","LÁCTEOS","LECHE COMUN ENTERA (SACHET) ","SANTA BRIGIDA ","1 LT ",7790080032604,"$ 11",87
"AMBA","LÁCTEOS","LECHE E/POLVO CHOCOLATADA ","NIDO ","360 GR ",7613034798602,"$ 49",23
"AMBA","LÁCTEOS","LECHE EN POLVO ENTERA ","LA LECHERA ","400 GR ",7613035715769,"$ 51",20
"AMBA","LÁCTEOS","LECHE EN POLVO ENTERA INSTANTÁNEA FORTIFICADA A/D ","PURÍSIMA ","400 GR ",7798095170823,"$ 41",32
"AMBA","LÁCTEOS","LECHE EN POLVO HUESOS FUERTES ","SVELTY ","400 GR ",7613034642103,"$ 50",40
"AMBA","LÁCTEOS","LECHE ENTERA UAT ","7 DÍAS ","1.5 LT ",7790036007830,"$ 18",0
"AMBA","LÁCTEOS","LECHE ENTERA ENTERA UAT ","7 DÍAS ","1 LT ",7790036948317,"$ 11",76
"AMBA","LÁCTEOS","LECHE LARGA VIDA ENTERA ","VERÓNICA ","1 LT ",7794710010017,"$ 14",83
"AMBA","LÁCTEOS","LECHE SEMIDESCREMADA UAT ","7 DÍAS ","1.5 LT ",7790036007854,"$ 18",0
"AMBA","LÁCTEOS","LECHE UAT DESCREMADA CON CALCIO ","LA LACTEO ","1 LTR ",7791241000449,"$ 14",83
"AMBA","LÁCTEOS","LECHE UAT ENTERA CON CALCIO ","LA LACTEO ","1 LTR ",7791241000432,"$ 14",83
"AMBA","LÁCTEOS","LECHE UAT ENTERA ENTERA ","LAS TRES NIÑAS ","1 LT ",7790080037135,"$ 14",80
"AMBA","LÁCTEOS","LECHE UAT PARC. DESCREMADA ","LAS TRES NIÑAS ","1 LT ",7790080037159,"$ 14",80
"AMBA","LÁCTEOS","LECHE VITAMINIZADA PARA NIÑOS ENTERA ","LATTE ","200 CC ",7790036008042,"$ 8",0
"AMBA","LÁCTEOS","LECHE VITAMINIZADA PARA NIÑOS ENTERA ","LATTE ","1000 CC ",7790036008035,"$ 18",0
"AMBA","LÁCTEOS","POSTRE FLAN LIBRE DE GLUTEN ","EMETH ","60 GR ",7791113001536,"$ 6",37
"AMBA","LÁCTEOS","POSTRE NIÑO CHOCOLATE ","SHIMMY ","120 GR ",7790080040906,"$ 7",50
"AMBA","LÁCTEOS","POSTRE NIÑO CHOCOLATE - (PACK X 4) ","DANETTE ","380 GR ",7791337526075,"$ 34",99
"AMBA","LÁCTEOS","POSTRE NIÑO CHOCOLATE Y DULCE DE LECHE ","SHIMMY ","120 GR ",7790080040913,"$ 7",50
"AMBA","LÁCTEOS","POSTRE NIÑO CRASH PACK CHOCOLATE ","SERENITO ","200 GR ",7791337046078,"$ 13",65
"AMBA","LÁCTEOS","POSTRE NIÑO CRASH PACK VAINILLA ","SERENITO ","200 GR ",7791337046016,"$ 13",65
"AMBA","LÁCTEOS","POSTRE NIÑO DULCE DE LECHE ","SHIMMY ","120 GR ",7790080040920,"$ 7",50
"AMBA","LÁCTEOS","POSTRE NIÑO DULCE DE LECHE - (PACK X 4) ","DANETTE ","380 GR ",7791337526068,"$ 34",99
"AMBA","LÁCTEOS","POSTRE NIÑO FLAN CON CARAMELO (PACK x 2) ","DANETTE ","190 GR ",7791337031517,"$ 13",65
"AMBA","LÁCTEOS","POSTRE NIÑO FLAN CON DULCE DE LECHE - (PACK X 2) ","DANETTE ","190 GR ",7791337531567,"$ 13",65
"AMBA","LÁCTEOS","POSTRE NIÑO FLAN DE VAINILLA CON CARMELO ","ILOLAY ","110 GR ",7790787087334,"$ 7",90
"AMBA","LÁCTEOS","POSTRE NIÑO FLAN DE VAINILLA CON CARMELO Y DULCE DE LECHE ","ILOLAY ","100 GR ",7790787087341,"$ 7",90
"AMBA","LÁCTEOS","POSTRE NIÑO FLAN FORTIFICADO (PACK X 2) VAINILLA ","SERENITO ","200 GR ",7791337832015,"$ 13",65
"AMBA","LÁCTEOS","POSTRE NIÑO FLAN SER ","SER ","190 GR ",7791337915817,"$ 13",65
"AMBA","LÁCTEOS","POSTRE NIÑO VAINILLA ","SHIMMY ","120 GR ",7790080040876,"$ 7",50
"AMBA","LÁCTEOS","POSTRE NIÑO VAINILLA Y DULCE DE LECHE ","SHIMMY ","120 GR ",7790080040890,"$ 7",50
"AMBA","LÁCTEOS","PREPARADO LACTEO MANZANA Y BANANA (PACK X 2) ","PRIMEROS SABORES ","240 GR ",7790080068528,"$ 14",80
"AMBA","LÁCTEOS","PREPARADO LACTEO VAINILLA (PACK X 2) ","PRIMEROS SABORES ","240 GR ",7790080068511,"$ 14",80
"AMBA","LÁCTEOS","QUESO BLANCO ","YATASTO ","320 GR ",7798111061098,"$ 16",92
"AMBA","LÁCTEOS","QUESO CREMA ","YATASTO ","320 GR ",7798111060329,"$ 18",80
"AMBA","LÁCTEOS","QUESO CREMA CREMOSO ","MENDICRIM ","300 GR ",7790080040074,"$ 24",90
"AMBA","LÁCTEOS","QUESO CREMA ENTERO ","C ASANCREM ","500 GR ",7791337011304,"$ 44",99
"AMBA","LÁCTEOS","QUESO CREMA LIGHT ","CASANCREM ","500 GR ",7791337011311,"$ 43",85
"AMBA","LÁCTEOS","QUESO CREMA SEMIDESCREMADO LIGHT (EN POTE)","SAN IGNACIO ","320 GR ",7790244001446,"$ 22",64
"AMBA","LÁCTEOS","QUESO CREMOSO CUARTIROLO ","LA SUIPACHENSE ","1 KG ",7794396000760,"$ 74",27
"AMBA","LÁCTEOS","QUESO PORT SALUT ","LA SUIPACHENSE ","1 KG ",7794396001057,"$ 83",3
"AMBA","LÁCTEOS","QUESO RALLADO ","SANTA BRIGIDA ","120 GR ",7790080014846,"$ 26",95
"AMBA","LÁCTEOS","QUESO UNTABLE SABOR CLÁSICO ","VERÓNICA ","190 GR ",7794710070103,"$ 21",39
"AMBA","LÁCTEOS","YOGURENTERO VAINILLA (PACK X 2) ","YOGS ","250 GR ",7790080065190,"$ 10",25
"AMBA","LÁCTEOS","YOGUR FRUTILLA (BOTELLA) ","LA SUIPACHENSE ","190 GR ",7794396001286,"$ 10",35
"AMBA","LÁCTEOS","YOGUR TUTTI FRUTI (BOTELLA) ","LA SUIPACHENSE ","190 GR ",7794396001309,"$ 10",35
"AMBA","LÁCTEOS","YOGUR VAINILLA (BOTELLA) ","LA SUIPACHENSE ","190 GR ",7794396001293,"$ 10",35
"AMBA","LÁCTEOS","YOGUR CON ARITOS FRUTADOS ","ILOLAY ","160 GR ",7790787104772,"$ 13",49
"AMBA","LÁCTEOS","YOGUR DESCREMADO MULTRINUTIENTES FRUTILLA BEBIBLE","YOGS LIGHT ","185 GR ",7790080067958,"$ 12",90
"AMBA","LÁCTEOS","YOGUR DESCREMADO MULTRINUTIENTES VAINILLA BEBIBLE ","YOGS LIGHT ","185 GR ",7790080067965,"$ 12",90
"AMBA","LÁCTEOS","YOGUR DESCREMADO CON CEREAL MULTINUTRIENTES ","YOGS LIGHT ","162 GR ",7790080067910,"$ 15",0
"AMBA","LÁCTEOS","YOGUR DESCREMADO FRUTADO MULTRINUTIENTES DURAZNO","YOGS LIGHT ","180 GR ",7790080065312,"$ 17",15
"AMBA","LÁCTEOS","YOGUR DESCREMADO FRUTADO MULTRINUTIENTES FRAMBUESA Y MORA ","YOGS LIGHT ","180 GR ",7790080065299,"$ 17",15
"AMBA","LÁCTEOS","YOGUR DESCREMADO FRUTADO MULTRINUTIENTES FRUTILLA","YOGS LIGHT ","180 GR ",7790080065305,"$ 17",15
"AMBA","LÁCTEOS","YOGUR ENTERO MULTRINUTIENTES DURAZNO BEBIBLE ","YOGS ","185 GR ",7790080067934,"$ 11",15
"AMBA","LÁCTEOS","YOGUR ENTERO MULTRINUTIENTES FRUTILLA BEBIBLE ","YOGS ","185 GR ",7790080067927,"$ 11",15
"AMBA","LÁCTEOS","YOGUR ENTEROMULTRINUTIENTES VAINILLA BEBIBLE ","YOGS ","185 GR ",7790080067941,"$ 11",15
"AMBA","LÁCTEOS","YOGUR ENTERO CON CEREAL MULTINUTRIENTES POTE ","YOGS ","165 GR ",7790080067903,"$ 15",0
"AMBA","LÁCTEOS","YOGUR ENTERO DURAZNO ","LA SUIPACHENSE ","1 LT ",7794396000487,"$ 15",78
"AMBA","LÁCTEOS","YOGUR ENTERO DURAZNO (SACHET) ","MILKAUT ","1 KG ",7794820015186,"$ 16",49
"AMBA","LÁCTEOS","YOGUR ENTERO FRUTILLA ","LA SUIPACHENSE ","1 LT ",7794396000180,"$ 15",78
"AMBA","LÁCTEOS","YOGUR ENTERO FRUTILLA (SACHET) ","MILKAUT ","1 KG ",7794820015162,"$ 16",49
"AMBA","LÁCTEOS","YOGUR ENTERO FRUTOS DEL BOSQUE ","LA SUIPACHENSE ","1 LT ",7794396001217,"$ 15",78
"AMBA","LÁCTEOS","YOGUR ENTERO MULTIFRUTA (SACHET) ","MILKAUT ","1 KG ",7794820015193,"$ 16",49
"AMBA","LÁCTEOS","YOGUR ENTERO TUTIFRUTI ","LA SUIPACHENSE ","1 LT ",7794396000999,"$ 15",78
"AMBA","LÁCTEOS","YOGUR ENTERO VAINILLA ","LA SUIPACHENSE ","1 LT ",7794396000197,"$ 15",78
"AMBA","LÁCTEOS","YOGUR ENTERO VAINILLA (SACHET) ","MILKAUT ","1 KG ",7794820015179,"$ 16",49
"AMBA","LÁCTEOS","YOGUR FORTIFICADO VAINILLA (BOTELLA) ","YOGURISIMO GO ","185 GR ",7791337533318,"$ 13",65
"AMBA","LÁCTEOS","YOGUR FORTIFICADO FRUTILLA (BOTELLA) ","YOGURISIMO GO ","185 GR ",7791337533325,"$ 13",65
"AMBA","LÁCTEOS","YOGUR LIBRE FORTIFICADO ","SER ","185 GR ",7791337933286,"$ 13",65
"AMBA","LIBRERÍA","ADHESIVO SINTETICO ","PELIKAN ","50 ML ",7792700002479,"$ 12",80
"AMBA","LIBRERÍA","TRANSPARENTE ADHESIVO VINILICO COLA BLANCA ","PELIKAN ","30 GR ",7792700002745,"$ 4",60
"AMBA","LIBRERÍA","BOLÍGRAFO AZUL ","MICRO ","4 UN ",7798000089165,"$ 13",99
"AMBA","LIBRERÍA","BOLÍGRAFO AZUL STICK 026 1.0MM ","FILGO ","4 UN ",7795513044780,"$ 9",70
"AMBA","LIBRERÍA","BOLÍGRAFO AZUL TINTA SEMI GEL ","PELIKAN ","1 UN ",4012700962522,"$ 4",0
"AMBA","LIBRERÍA","BOLÍGRAFO AZUL TINTA SEMI GEL ","PELIKAN ","4 UN ",7792700000772,"$ 14",0
"AMBA","LIBRERÍA","BOLÍGRAFO NEGRO STICK 026 1.0MM ","FILGO ","4 UN ",7795513044773,"$ 9",70
"AMBA","LIBRERÍA","BOLÍGRAFO NEGRO TINTA SEMI GEL ","PELIKAN ","1 UN ",4012700962539,"$ 4",0
"AMBA","LIBRERÍA","BOLÍGRAFO RETRÁCTIL AZUL ","FILGO ","1 UN ",7795513043431,"$ 6",72
"AMBA","LIBRERÍA","BOLÍGRAFO RETRÁCTIL NEGRO ","FILGO ","1 UN ",7795513043448,"$ 6",72
"AMBA","LIBRERÍA","BOLÍGRAFO ROJO TINTA SEMI GEL ","PELIKAN ","1 UN ",4012700962546,"$ 4",0
"AMBA","LIBRERÍA","BOLÍGRAFO ROUND STIC SURTIDO ","BIC ","4 UN ",70330187757,"$ 17",1
"AMBA","LIBRERÍA","BOLÍGRAFO SURTIDO STICK 026 1.0MM ","FILGO ","4 UN ",7795513044797,"$ 9",70
"AMBA","LIBRERÍA","BORRATINTAS (PACK X 2) ","FILGO ","1 UN ",7795513043417,"$ 25",60
"AMBA","LIBRERÍA","CARTUCHOS DE TINTA AZUL MODELO EUROPEO (PACK X 6) ","FILGO ","1 UN ",7795513043592,"$ 8",45
"AMBA","LIBRERÍA","CARTUCHOS DE TINTA AZUL LAVABLE ","PELIKAN ","6 UN ",4012700301178,"$ 24",80
"AMBA","LIBRERÍA","CRAYONES REDONDOS SURTIDOS ","PELIKAN ","12 UN ",7792700701846,"$ 24",80
"AMBA","LIBRERÍA","CUADERNO ESCOLAR 16x21 FORRADO UNIVERSO TAPA DURA ","GLORIA ","48 HOJAS ",7791762127045,"$ 19",36
"AMBA","LIBRERÍA","CUADERNO ESCOLAR 16x21 TAPA BLANDA ","GLORIA ","48 HOJAS ",7791762110078,"$ 7",30
"AMBA","LIBRERÍA","LAPICERA ROLLER TINTA GEL BORRABLE BORRAXIÓN ","FILGO ","1 UN ",7795513049938,"$ 45",16
"AMBA","LIBRERÍA","LÁPIZ LÁPICES LARGOS DE COLORES SURTIDOS ","PELIKAN ","12 UN ",7792700002691,"$ 38",90
"AMBA","LIBRERÍA","LÁPIZ DE GRAFITO NEGRO HB CON GOMA ","PELIKAN ","4 UN ",7792700873581,"$ 24",80
"AMBA","LIBRERÍA","LÁPIZ CORRECTOR ","FILGO ","1 UN ",7795513049907,"$ 15",89
"AMBA","LIBRERÍA","LÁPIZ CORRECTOR MICRO SLIM ","MICRO ","1 UN ",7798184710480,"$ 12",99
"AMBA","LIBRERÍA","LÁPIZ GRAFITO SIN GOMA ","SIMBALL ","3 UN ",7798000083422,"$ 5",79
"AMBA","LIBRERÍA","LAPIZ NEGRO GRAFITO (PACK X 12) ","FILGO ","1 UN ",7795513042868,"$ 20",65
"AMBA","LIBRERÍA","LAPIZ NEGRO SIGMA FLEX HB ","FILGO ","4 UN ",7795513043851,"$ 9",87
"AMBA","LIBRERÍA","MINA 0.5 MM 2B ","FILGO ","2 UN ",7795513043974,"$ 6",73
"AMBA","LIBRERÍA","MINA 0.5 MM B ","FILGO ","2 UN ",7795513043967,"$ 6",73
"AMBA","LIBRERÍA","MINA 0.5 MM HB ","FILGO ","2 UN ",7795513043950,"$ 6",73
"AMBA","LIBRERÍA","PLUMA ESCOLAR TRASLÚCIDA ","SIMBALL ","1 UN ",7798000082500,"$ 19",99
"AMBA","LIBRERÍA","PORTAMINAS CHEKY ","SIMBALL ","1 UN ",7798184711326,"$ 11",99
"AMBA","LIBRERÍA","PORTAMINAS REXGRIP 0.5 MM AZUL ","FILGO ","1 UN ",7795513043424,"$ 6",17
"AMBA","LIBRERÍA","REPUESTO HOJAS 96 HOJAS NR3 CUADRICULADO ","GLORIA ","96 HOJAS ",7791762181320,"$ 17",95
"AMBA","LIBRERÍA","REPUESTO HOJAS 96 HOJAS NR3 RAYADO ","GLORIA ","96 HOJAS ",7791762181122,"$ 17",95
"AMBA","LIBRERÍA","REPUESTO LAPICERA ROLLER TINTA GEL BORRABLE BORRAXIÓN ","FILGO ","1 UN ",7795513043622,"$ 23",37
"AMBA","LIBRERÍA","RESALTADOR LIGHTER FINE AMARILLO FLUO ","FILGO ","2 UN ",7795513043509,"$ 9",47
"AMBA","LIBRERÍA","RESALTADOR LIGHTER FINE CELESTE FLUO ","FILGO ","2 UN ",7795513044681,"$ 9",47
"AMBA","LIBRERÍA","RESALTADOR LIGHTER FINE NARANJA FLUO ","FILGO ","2 UN ",7795513043523,"$ 9",47
"AMBA","LIBRERÍA","RESALTADOR LIGHTER FINE ROSA FLUO ","FILGO ","2 UN ",7795513044674,"$ 9",47
"AMBA","LIBRERÍA","RESALTADOR LIGHTER FINE VERDE FLUO ","FILGO ","2 UN ",7795513043516,"$ 9",47
"AMBA","LIMPIEZA","ALCOHOL EN GEL 70ﾺ ","M.F. ","250 CC ",7792378000562,"$ 27",80
"AMBA","LIMPIEZA","APRESTO GATILLO ","ECOVITA ","500 CC ",7798124361420,"$ 19",33
"AMBA","LIMPIEZA","APRESTO PARA ROPA (DOY PACK) ","ECOVITA ","500 ML ",7798124360799,"$ 8",50
"AMBA","LIMPIEZA","AUTOBRILLO INCOLORO ","SUIZA ","900 CC ",7790613000230,"$ 27",56
"AMBA","LIMPIEZA","AUTOBRILLO INCOLORO (DOY PACK) ","CERAMICOL ","450 ML ",7790520017314,"$ 24",49
"AMBA","LIMPIEZA","AUTOBRILLO NEGRO ","SUIZA ","900 CC ",7790613000247,"$ 27",56
"AMBA","LIMPIEZA","AUTOBRILLO ROJO ","SUIZA ","900 CC ",7790613000254,"$ 27",56
"AMBA","LIMPIEZA","BARRA QUITAMANCHAS ","GIGANTE ","75 GR ",7790828002913,"$ 10",56
"AMBA","LIMPIEZA","CERA PARA MADERA AL SOLVENTE NATURAL ","CLINSY ","900 CC ",7790613000193,"$ 57",0
"AMBA","LIMPIEZA","DETERGENTE MANZANA VERDE ","MAGISTRAL ","500 ML ",7506309878997,"$ 28",0
"AMBA","LIMPIEZA","DETERGENTE PARA LAVAR ROPA FINA (DOY PACK) ","ECOVITA ","450 ML ",7798124360805,"$ 14",78
"AMBA","LIMPIEZA","DISCO ANTIPOLILLIAS LAVANDA ","AIR PUR ","1 UN ",7790900004996,"$ 24",81
"AMBA","LIMPIEZA","ENCENDEDOR MAXI J6 LISO BL 50 x1 ","BIC ","1 UN ",70330609723,"$ 20",25
"AMBA","LIMPIEZA","ESCOBILLÓN CALABRIA ","LA GAUCHITA ","1 UN ",7792459002164,"$ 30",10
"AMBA","LIMPIEZA","ESPIRALES PARA MOSQUITOS COUNTRY FRESH DOBLE ACCION ","FUYI ","12 UN ",7790520009548,"$ 13",12
"AMBA","LIMPIEZA","ESPONJA LISA ","VIRULANA ","1 UN ",7794440003310,"$ 5",90
"AMBA","LIMPIEZA","ESPONJA MULTIONDAS ","VIRULANA ","1 UN ",7794440000210,"$ 14",90
"AMBA","LIMPIEZA","JABÓN EN POLVO LAVADO TOTAL ","GRANBY ","800 GR ",7791290004603,"$ 17",84
"AMBA","LIMPIEZA","JABON LIQUIDO ROSAS Y LILAS ","DRIVE ","800 ML ",7791290011533,"$ 31",39
"AMBA","LIMPIEZA","JABON LIQUIDO PARA LAVARROPAS (BOTELLA) ","ECOVITA ","1.5 LT ",7798124360720,"$ 42",48
"AMBA","LIMPIEZA","JABON LIQUIDO PARA LAVARROPAS (BOTELLA) ","ECOVITA ","800 CC ",7798124360676,"$ 24",24
"AMBA","LIMPIEZA","JABON LIQUIDO PARA LAVARROPAS (BOTELLA) ","ECOVITA ","3 LT ",7798124360737,"$ 78",84
"AMBA","LIMPIEZA","JABON LIQUIDO PARA LAVARROPAS (DOY PACK) ","ECOVITA ","800 CC ",7798124360713,"$ 22",41
"AMBA","LIMPIEZA","JABON PARA LAVAR LIMPIEZA CLASICA (PACK X 2) ","GIGANTE ","400 GR ",7790828103344,"$ 15",18
"AMBA","LIMPIEZA","LANA DE ACERO ROLLITOS (PACK X 6) ","VIRULANA ","6 UN ",7794440101729,"$ 6",50
"AMBA","LIMPIEZA","LAVANDINA COMUN ","AYUDÍN ","1 LT ",7790132098459,"$ 9",16
"AMBA","LIMPIEZA","LAVANDINA CONCENTRADA ","QUERUBÍN ","2 LT ",7791905000037,"$ 21",99
"AMBA","LIMPIEZA","LAVANDINA EN GEL ORIGINAL ","VIM ","300 ML ",7791290005518,"$ 15",32
"AMBA","LIMPIEZA","LAVAVAJILLAS ACTIVE GEL LIM "," CIF ","450 ML ",7791290010574,"$ 25",9
"AMBA","LIMPIEZA","LAVAZAPATILLAS 300 ML ","IBERIA ","24 UN ",7790900004675,"$ 51",90
"AMBA","LIMPIEZA","LIMPIADOR DE VIDRIOS ","ECOVITA ","900 ML ",7798124360980,"$ 14",96
"AMBA","LIMPIEZA","LIMPIADOR PARA INODORO ﾖ ADHESIVO - GLADE - 4 en 1 ﾖ LAVANDA","MR MUSCULO ","3 UN ",7790520013194,"$ 15",49
"AMBA","LIMPIEZA","LIMPIADOR PARA VIDRIOS Y MULTIUSO (DOY PACK) ","MR MUSCULO ","450 ML ",7790520018649,"$ 17",40
"AMBA","LIMPIEZA","LIMPIADOR BAÑO (DOY PACK) ","MR MUSCULO ","450 CC ",7790520012395,"$ 17",64
"AMBA","LIMPIEZA","LIMPIADOR BAÑOS (DOY PACK) ","ECOVITA ","900 CC ",7798124360997,"$ 16",63
"AMBA","LIMPIEZA","LIMPIADOR BAÑOS GATILLO ","ECOVITA ","500 CC ",7798124360034,"$ 20",48
"AMBA","LIMPIEZA","LIMPIADOR COCINA (DOY PACK) ","ECOVITA ","900 CC ",7798124360973,"$ 14",70
"AMBA","LIMPIEZA","LIMPIADOR DESINFECTANTE CITRUS (DOY PACK) ","ESPADOL ","450 ML ",7791130029407,"$ 11",13
"AMBA","LIMPIEZA","LIMPIADOR DESINFECTANTE LAVANDA (DOY PACK) ","ESPADOL ","450 ML ",7791130029414,"$ 11",13
"AMBA","LIMPIEZA","LIMPIADOR LÍQUIDO PARA PISOS LAVANDA ","LYSOFORM ","900 ML ",7790520016317,"$ 23",49
"AMBA","LIMPIEZA","LIMPIADOR MULTIUSO (DOY PACK) ","PROCENEX ","500 ML ",7791130004503,"$ 6",51
"AMBA","LIMPIEZA","LIMPIADOR PISOS PLASTIFICADOS Y FLOTANTES DE MADERA ","SUIZA ","900 CC ",7790613000278,"$ 26",90
"AMBA","LIMPIEZA","LUSTRA MUEBLES EN CREMA ","SUIZA ","200 CC ",7790613000407,"$ 14",34
"AMBA","LIMPIEZA","LUSTRAMUEBLES(DOY PACK) ","ECOVITA ","500 ML ",7798124360836,"$ 17",38
"AMBA","LIMPIEZA","LUSTRAMUEBLES EN AEROSOL ","CERAMICOL ","360 CC ",7790463000114,"$ 26",60
"AMBA","LIMPIEZA","LUSTRAMUEBLES GATILLO ","ECOVITA ","500 CC ",7798124360683,"$ 23",96
"AMBA","LIMPIEZA","PALITA PLÁSTICA ","LA GAUCHITA ","1 UN ",7792459012101,"$ 14",66
"AMBA","LIMPIEZA","PAPEL HIGIENICO DOBLE HOJA BLANCO (4 ROLLOS X 30 METROS)","SWEETY ","120 M2 ",7791828006208,"$ 29",22
"AMBA","LIMPIEZA","PAPEL HIGIENICO (4 ROLLOS X 20 METROS) ","ELITE ","80 M ",7790250024071,"$ 26",0
"AMBA","LIMPIEZA","PAPEL HIGIENICO GOLD DH CONTROL (4 ROLLOS x 30METROS) ","SCOTT ","120 M2 ",7798038152206,"$ 35",62
"AMBA","LIMPIEZA","PRELAVADO PARA ROPA (DOY PACK) ","ECOVITA ","400 ML ",7798124360812,"$ 12",91
"AMBA","LIMPIEZA","PRODUCTO ANTIHUMEDAD MAX LAVANDA ","AIR PUR ","12 UN ",7790900015121,"$ 79",90
"AMBA","LIMPIEZA","REPELENTE EN AEROSOL ","FORFAIT ","160 ML ",7798025514680,"$ 32",99
"AMBA","LIMPIEZA","REPUESTO UNIVERSAL ANTIHUMEDAD LAVANDA 250 GR ","AIR PUR ","24 UN ",7790900015305,"$ 79",90
"AMBA","LIMPIEZA","SERVILLETAS DE PAPEL BLANCAS ","CARTABELLA ","70 UN ",7791828004914,"$ 11",19
"AMBA","LIMPIEZA","SERVILLETAS DE PAPEL ULTRAMAX ","SUSSEX ","80 UN ",7790250057703,"$ 14",20
"AMBA","LIMPIEZA","MOSQUITO STOP 100 GR ","AgentX ","20 UN ",7790900030292,"$ 46",90
"AMBA","LIMPIEZA","SUAVIZANTE PARA ROPA MAS PERFUME VIOL Y FLORES BL (DOY PACK)","VIVERE ","900 ML ",7791290010499,"$ 27",33
"AMBA","LIMPIEZA","TABLETAS PARA MOSQUITOS DOBLE ACCIÓN ","FUYI ","16 UN ",7790520010049,"$ 21",94
"AMBA","PAN FRESCO","PAN FRESCO ","SUPERMERCADO ","1 KG ",10001,"$ 27",0
"AMBA","PASTAS Y TAPAS","CAPELLETIS JAMÓN Y MUZZARELLA ","LA SALTEÑA ","500 GR ",7790236000693,"$ 38",42
"AMBA","PASTAS Y TAPAS","FIDEOS SECOS CARACOL ","MOLTO ","500 GR ",7798138552500,"$ 11",50
"AMBA","PASTAS Y TAPAS","FIDEOS SECOS CODITO ","SAN AGUSTÍN ","500 GR ",7792180004963,"$ 8",80
"AMBA","PASTAS Y TAPAS","FIDEOS SECOS DEDALON ","MOLTO ","500 GR ",7798138552845,"$ 11",50
"AMBA","PASTAS Y TAPAS","FIDEOS SECOS MOSTACHOL ","MAROLIO ","500 GR ",7797470005477,"$ 9",25
"AMBA","PASTAS Y TAPAS","FIDEOS SECOS SPAGHETTI ","MAROLIO ","500 GR ",7797470003121,"$ 9",25
"AMBA","PASTAS Y TAPAS","FIDEOS SECOS TIPO CODITO ","FAVORITA ","500 GR ",7790070320322,"$ 9",25
"AMBA","PASTAS Y TAPAS","FIDEOS SECOS TIPO GUISEROS MOSTACHOLES ","MANERA ","500 GR ",7791110001874,"$ 9",65
"AMBA","PASTAS Y TAPAS","FIDEOS SECOS TIPO TALLARÍN ","FAVORITA ","500 GR ",7790070320292,"$ 9",25
"AMBA","PASTAS Y TAPAS","FIDEOS SECOS TIPO TALLARÍN ","MANERA ","500 GR ",7791110003069,"$ 9",65
"AMBA","PASTAS Y TAPAS","FIDEOS SECOS TIRABUZON ","MOLTO ","500 GR ",7798138552364,"$ 11",50
"AMBA","PASTAS Y TAPAS","FIDEOS SECOS TIRABUZÓN ","SAN AGUSTÍN ","500 GR ",7792180004949,"$ 8",80
"AMBA","PASTAS Y TAPAS","TAPA DE TARTA PASCUALINA BAJO SODIO ","MENDÍA ","400 GR ",7790522012188,"$ 12",84
"AMBA","PASTAS Y TAPAS","TAPAS PARA EMPANADAS CRIOLLA ","LA SALTEÑA ","20 UN ",7790236001232,"$ 20",23
"AMBA","PERFUMERÍA Y CUIDADO PERSONAL","AFEITADORA DESCARTABLE COMFORT 2 - FEMENINO - 2 HOJAS FLOW PACK x 5 UNIDADES","BIC ","272 GR ",70330728974,"$ 40",17
"AMBA","PERFUMERÍA Y CUIDADO PERSONAL","AFEITADORA DESCARTABLE COMFORT 2 - MASCULINO - 2 HOJAS FLOW PACK x 5 UNIDADES","BIC ","272 GR ",70330709881,"$ 39",17
"AMBA","PERFUMERÍA Y CUIDADO PERSONAL","ALCOHOL ETILICO 96 ° . ","M.F. ","500 CC ",7792378001712,"$ 16",64
"AMBA","PERFUMERÍA Y CUIDADO PERSONAL","CREMA CORPORAL HIDRATACIÓN ESENCIAL","HINDS ","250 ML ",7794640171468,"$ 40",30
"AMBA","PERFUMERÍA Y CUIDADO PERSONAL","CREMA CORPORAL SOFT BODY MILK - PIEL SECA ","NIVEA ","250 ML ",4005808321216,"$ 46",45
"AMBA","PERFUMERÍA Y CUIDADO PERSONAL","DESODORANTE EN AEROSOLDRY COMFORT UNISEX 48Hs ","NIVEA","150 ML ",4005808979691,"$ 34",65
"AMBA","PERFUMERÍA Y CUIDADO PERSONAL","DESODORANTE EN AEROSOL DRY IMPACT FOR MEN 48Hs ","NIVEA ","150 ML ",4005808979677,"$ 34",65
"AMBA","PERFUMERÍA Y CUIDADO PERSONAL","DESODORANTE EN AEROSOL LÍNEA SPORT - BLACK ","MAC GREGOR ","105 GR ",7798025515861,"$ 31",99
"AMBA","PERFUMERÍA Y CUIDADO PERSONAL","DESODORANTE EN AEROSOL LÍNEA SPORT - BLUE ","MAC GREGOR ","105 GR ",7798025515878,"$ 31",99
"AMBA","PERFUMERÍA Y CUIDADO PERSONAL","DESODORANTE EN AEROSOL LÍNEA SPORT - PINO ","MAC GREGOR ","105 GR ",7798025515885,"$ 31",99
"AMBA","PERFUMERÍA Y CUIDADO PERSONAL","DESODORANTE EN AEROSOL LÍNEA SPORT - RED ","MAC GREGOR ","105 GR ",7798025515854,"$ 31",99
"AMBA","PERFUMERÍA Y CUIDADO PERSONAL","DESODORANTE FEMENINO ROLL ON DELICIOUS ","HINDS ","60 GR ",7794640170102,"$ 17",98
"AMBA","PERFUMERÍA Y CUIDADO PERSONAL","DESODORANTE MASCULINO ROLL ON ACTIVE PROTECTION ","ETIQUET ","60 GR ",7794640170164,"$ 15",33
"AMBA","PERFUMERÍA Y CUIDADO PERSONAL","DESODORANTE ROLL ON INVISIBLE ","REXONA","50 ML ",77941923,"$ 19",74
"AMBA","PERFUMERÍA Y CUIDADO PERSONAL","JABÓN CREMOSO 2 x 90 GR ","NIVEA","180 GR ",4005808626380,"$ 15",80
"AMBA","PERFUMERÍA Y CUIDADO PERSONAL","JABÓN DE TOCADOR ANTIBACTERIAL ","LIFEBUOY","125 GR ",7791293024752,"$ 15",65
"AMBA","PERFUMERÍA Y CUIDADO PERSONAL","JABÓN LÍQUIDO SUAVIDAD DE PETALOS ","LUX","250 ML ",7791293026497,"$ 36",22
"AMBA","PERFUMERÍA Y CUIDADO PERSONAL","JABON TOCADOR ANTIBACTERIAL (PACK X 3) ","CLINEROL ","270 GR ",7790828001848,"$ 20",81
"AMBA","PERFUMERÍA Y CUIDADO PERSONAL","JABON TOCADOR ARMONIC ","DUKE ","90 GR ",7790828002609,"$ 6",17
"AMBA","PERFUMERÍA Y CUIDADO PERSONAL","JABON TOCADOR ARMONIC ","DUKE ","130 GR ",7790828101067,"$ 8",4
"AMBA","PERFUMERÍA Y CUIDADO PERSONAL","JABON TOCADOR GLICERINA (PACK X 3) ","KENIA ","270 GR ",7790828101555,"$ 26",97
"AMBA","PERFUMERÍA Y CUIDADO PERSONAL","JABON TOCADOR GLICERINA NEUTRO - SIN PERFUME ","DUC ","125 GR ",7790828001466,"$ 11",98
"AMBA","PERFUMERÍA Y CUIDADO PERSONAL","PAÑUELOS DESCARTABLES BOX ","CAMPANITA BOX ","75 UN ",7791070000764,"$ 7",73
"AMBA","PERFUMERÍA Y CUIDADO PERSONAL","PASTA DENTAL TRIPLE 123 EXTRA FRESH ","KOLYNOS ","90 GR ",7793100120220,"$ 9",54
"AMBA","PERFUMERÍA Y CUIDADO PERSONAL","PRESERVATIVOS CLASICOS ","TULIPAN ","6 UN ",7791014001512,"$ 31",31
"AMBA","PERFUMERÍA Y CUIDADO PERSONAL","PRESERVATIVOS SUPER FINOS ","TULIPAN ","6 UN ",7791014001536,"$ 31",31
"AMBA","PERFUMERÍA Y CUIDADO PERSONAL","TOALLAS FEMENINAS PROTECCION PLUS SUAVE ","ALWAYS ","8 UN ",7500435023320,"$ 22",49
"AMBA","PERFUMERÍA Y CUIDADO PERSONAL","CA T1 8X12IT HISOPOS ","Q-SOFT ","100 UN ",7790773041005,"$ 24",70
"AMBA","PERFUMERÍA Y CUIDADO PERSONAL","TOALLAS PARA BEBE ","Q-SOFT ","70 UN ",7790773008602,"$ 21",90
"AMBA","PERFUMERÍA Y CUIDADO PERSONAL","TOALLAS DESMAQUILLANTES ","Q-SOFT ","25 UN ",7790773008459,"$ 49",90
"AMBA","PERFUMERÍA Y CUIDADO PERSONAL","TOALLAS REFRESCANTES ","Q-SOFT ","25 UN ",7790773080219,"$ 49",90
"AMBA","PERFUMERÍA Y CUIDADO PERSONAL","PALITOS PARA BROCHETTE ","IDEAL ","25 UN ",7790773034502,"$ 39",90
"AMBA","PERFUMERÍA Y CUIDADO PERSONAL","ESCARBADIENTES ","IDEAL ","50 UN ",7790773034014,"$ 11",99
