BUENOS_AIRES,ALIMENTOS CONGELADOS,HAMBURGUESAS EXPRESS HAMBURGUESA ,PATY ,4 UN ,7790670050766,"$ 30,99"
BUENOS_AIRES,ALIMENTOS CONGELADOS,HAMBURGUESAS MEDALLON SWIFT x4U 276 gr ,SWIFT ,4 UN ,7790360966841,"$ 30,90"
BUENOS_AIRES,ALMACEN,ARROZ DOBLE CAROLINA EN ESTUCHE ,NOBLE ,1 KG ,7790203000435,"$ 27,43"
BUENOS_AIRES,ALMACEN,ARROZ INTREGRAL ,NOBLE ,1 KG ,7790203000336,"$ 15,94"
BUENOS_AIRES,ALMACEN,ARROZ LARGO FINO ,LUCHETTI ,500 gr ,7790070410610,"$ 9,30"
BUENOS_AIRES,ALMACEN,ARROZ LARGO FINO 00000 ,MOLINOS ALA ,500 GR ,7791120031564,"$ 8,14"
BUENOS_AIRES,ALMACEN,AZUCAR BLANCA ,CHANGO ,1 KG ,7791100000481,"$ 12,17"
BUENOS_AIRES,ALMACEN,AZUCAR BLANCA BLANCA ,LEDESMA ,1 KG ,7792540260138,"$ 12,44"
BUENOS_AIRES,ALMACEN,AZUCAR BLANCA ECONOMICA ,DOMINO ,1 KG ,7792878000017,"$ 9,95"
BUENOS_AIRES,ALMACEN,AZÚCAR IMPALPABLE IMPALPABLE ,LA PARMESANA ,500 GR ,7796373002118,"$ 34,65"
BUENOS_AIRES,ALMACEN,AZÚCAR NEGRA NEGRA ,LA PARMESANA ,250 GR ,7796373002125,"$ 17,28"
BUENOS_AIRES,ALMACEN,BIZCOCHUELO CHOCOLATE LIBRE DE GLUTEN ,EMETH ,500 GR ,7791113004384,"$ 46,73"
BUENOS_AIRES,ALMACEN,BIZCOCHUELO VAINILLA ,GODET ,480 GR ,7790580626419,"$ 23,53"
BUENOS_AIRES,ALMACEN,BIZCOCHUELO VAINILLA LIBRE DE GUTEN ,EMETH ,500 GR ,7791113004353,"$ 46,73"
BUENOS_AIRES,ALMACEN,CABALLA  AL NATURAL ,MELLINO ,380 GR ,7790202000665,"$ 36,74"
BUENOS_AIRES,ALMACEN,CABALLA  AL NATURAL ,PENNISI ,380 GR ,7790202000221,"$ 36,74"
BUENOS_AIRES,ALMACEN,CABALLA AL NATURAL ,MARECHIARE ,380 GR ,7798003225515,"$ 36,74"
BUENOS_AIRES,ALMACEN,CABALLA AL NATURAL ,LA GALLEGA ,380 GR ,7790748010043,"$ 36,74"
BUENOS_AIRES,ALMACEN,CABALLA AL NATURAL ,PUGLISI ,380 GR ,7790748235095,"$ 36,74"
BUENOS_AIRES,ALMACEN,CABALLA AL NATURAL ,SUPREMACÍA ,380 GR ,7790261032010,"$ 36,74"
BUENOS_AIRES,ALMACEN,CABALLA  EN ACEITE ,MELLINO ,380 GR ,7790202000658,"$ 38,30"
BUENOS_AIRES,ALMACEN,CABALLA EN ACEITE ,MARECHIARE ,380 GR ,7798003220336,"$ 38,30"
BUENOS_AIRES,ALMACEN,CABALLA EN ACEITE ,LA GALLEGA ,380 GR ,7790748010036,"$ 38,30"
BUENOS_AIRES,ALMACEN,CABALLA EN ACEITE ,PUGLISI ,380 GR ,7790748235064,"$ 38,30"
BUENOS_AIRES,ALMACEN,CABALLA EN ACEITE ,PENNISI ,380 GR ,7790202000207,"$ 38,30"
BUENOS_AIRES,ALMACEN,CABALLA EN ACEITE ,SUPREMACÍA ,380 GR ,7790261030016,"$ 38,30"
BUENOS_AIRES,ALMACEN,CACAO EN POLVO ,ARCOR ,360 GR ,7790580402907,"$ 19,78"
BUENOS_AIRES,ALMACEN,CAFÉ INSTANTÁNEO EN FRASCO DE VIDRIO ,LA MORENITA ,100 GR ,7790170904767,"$ 38,00"
BUENOS_AIRES,ALMACEN,CHOCLO EN LATA ENTERO ,ARCOR ,300 GR ,7790580980009,"$ 17,40"
BUENOS_AIRES,ALMACEN,EDULCORANTE  DE MESA ,SI LIGHT ,600 CC ,7790036003108,"$ 25,76"
BUENOS_AIRES,ALMACEN,EDULCORANTE  EN POLVO (EN SOBRES) ,LA VIRGINIA ,"100/0,8 SOBRES/GR ",7790150695944,"$ 27,99"
BUENOS_AIRES,ALMACEN,ESENCIA DE VAINILLA ,LA PARMESANA ,250 CC ,7796373002163,"$ 29,99"
BUENOS_AIRES,ALMACEN,GALLETITAS  DE ARROZ MULTICEREAL SIN SAL ,GRANDIET ,100 GR ,7797330102377,"$ 14,56"
BUENOS_AIRES,ALMACEN,HARINA DE MAÍZ ,PRESTOPRONTA ,750 GR ,7790580538002,"$ 20,18"
BUENOS_AIRES,ALMACEN,HARINA DE MAÍZ DE CAMPO ,RIVARA ,500 GR ,7798004720088,"$ 10,25"
BUENOS_AIRES,ALMACEN,HARINA DE MAÍZ DE CAMPO FORTIFICADA ,RIVARA ,400 GR ,7798004720026,"$ 11,28"
BUENOS_AIRES,ALMACEN,HARINA DE TRIGO 000 ,CAÑUELAS ,1 KG ,7792180001528,"$ 7,33"
BUENOS_AIRES,ALMACEN,"MATE COCIDO EN SAQUITOS DE 2,5 GR ",CACHAMATE ,25 UN ,7792280000193,"$ 10,76"
BUENOS_AIRES,ALMACEN,MAYONESA ,DÁNICA ,500 GR ,7791620001128,"$ 19,90"
BUENOS_AIRES,ALMACEN,MAYONESA (DOY PACK) ,BC ,1 KG ,7793360674082,"$ 32,09"
BUENOS_AIRES,ALMACEN,MERLUZA  AL NATURAL ,PUGLISI ,380 GR ,7790748235187,"$ 26,91"
BUENOS_AIRES,ALMACEN,MERLUZA  AL NATURAL ,SUPREMACÍA ,380 GR ,7790261082015,"$ 26,91"
BUENOS_AIRES,ALMACEN,MERLUZA  EN ACEITE ,PUGLISI ,380 GR ,7790748235149,"$ 28,46"
BUENOS_AIRES,ALMACEN,MERLUZA  EN ACEITE ,PENNISI ,380 GR ,7790202000085,"$ 28,46"
BUENOS_AIRES,ALMACEN,MERLUZA  EN ACEITE ,SUPREMACÍA ,380 GR ,7790261080011,"$ 28,46"
BUENOS_AIRES,ALMACEN,MERLUZA  EN AGUA Y ACEITE ,MARECHIARE ,380 GR ,7798003220428,"$ 28,46"
BUENOS_AIRES,ALMACEN,MERMELADA  CIRUELA FRASCO DE VIDRIO ,ARCOR ,454 GR ,7790580509309,"$ 20,54"
BUENOS_AIRES,ALMACEN,MERMELADA DURAZNO FRASCO DE VIDRIO ,DULCOR ,454 GR ,7793046008415,"$ 20,60"
BUENOS_AIRES,ALMACEN,ALIMENTO A BASE DE MIEL ,GRANJA ROSALIA ,500 GR ,7790080055023,"$ 27,39"
BUENOS_AIRES,ALMACEN,MIEL NATURAL MIEL NATURAL EN DOYPACK ,MIELES DEL CHACO ,500 GR ,7798181480140,"$ 59,00"
BUENOS_AIRES,ALMACEN,MIEL NATURAL MIEL NATURAL EN DOYPACK ,NÉCTAR DE LOS DIOSES ,500 GR ,7798181480515,"$ 59,00"
BUENOS_AIRES,ALMACEN,MIEL NATURAL MIEL NATURAL EN POTE OSO PET ,NÉCTAR DE LOS DIOSES ,340 GR ,7798181480430,"$ 43,47"
BUENOS_AIRES,ALMACEN,ORÉGANO ,LA PARMESANA ,50 GR ,7796373002958,"$ 20,27"
BUENOS_AIRES,ALMACEN,PALILLERO ,IBERIA ,50 UN ,7790900011208,"$ 14,27"
BUENOS_AIRES,ALMACEN,PAN DE HAMBURGUESA ,LACTAL ,210 GR ,7793890001174,"$ 13,20"
BUENOS_AIRES,ALMACEN,PAN LACTAL REBANADO / LACTEADO ,LACTAL ,380 GR ,7793890001082,"$ 21,59"
BUENOS_AIRES,ALMACEN,PAN PARA PANCHOS ,LACTAL ,210 GR ,7793890001150,"$ 13,20"
BUENOS_AIRES,ALMACEN,PAN RALLADO COMÚN ,MAMÁ COCINA ,1 KG ,7792180004758,"$ 28,84"
BUENOS_AIRES,ALMACEN,PASAS DE UVA SIN SEMILLA SULTAMITA ,LA PARMESANA ,250 GR ,7796373002767,"$ 43,58"
BUENOS_AIRES,ALMACEN,POSTRE EN POLVO MOUSSE LIGHT CHOCOLATE ,ROYAL ,40 GR ,7622300871772,"$ 10,40"
BUENOS_AIRES,ALMACEN,POSTRE EN POLVO MOUSSE LIGHT DULCE DE LECHE ,ROYAL ,30 GR ,7622300871802,"$ 10,40"
BUENOS_AIRES,ALMACEN,PROVENZAL ,LA PARMESANA ,100 GR ,7796373002750,"$ 61,88"
BUENOS_AIRES,ALMACEN,PURE DE TOMATE TETRAPACK ,MOLTO ,340 GR ,7798138553408,"$ 10,25"
BUENOS_AIRES,ALMACEN,SAL ENTREFINA ,DOS ANCLAS ,500 GR ,7792900092683,"$ 7,76"
BUENOS_AIRES,ALMACEN,SALSA DE SOJA TRADICIONAL ,LA PARMESANA ,300 ML ,7796373002712,"$ 27,07"
BUENOS_AIRES,ALMACEN,SALSA DE TOMATE FILETO ,MOLTO ,340 GR ,7798138553002,"$ 11,39"
BUENOS_AIRES,ALMACEN,SALSA DE TOMATE PIZZA ,DE LA HUERTA ,530 CC ,7790036002675,"$ 12,42"
BUENOS_AIRES,ALMACEN,SALSA DE TOMATE POMAROLLA ,DE LA HUERTA ,530 CC ,7790036002682,"$ 12,42"
BUENOS_AIRES,ALMACEN,SALSA POMAROLA (DOY PACK) ,SALSATI/LA CAMPAGNOLA ,340 GR ,7793360927508,"$ 14,73"
BUENOS_AIRES,ALMACEN,SNACKS PAPAS FRITAS ACANALADAS ,PEHUAMAR ,105 GR ,7790310005873,"$ 25,00"
BUENOS_AIRES,ALMACEN,SNACKS PAPAS FRITAS LB ,BUN ,150 GR ,7790310920039,"$ 24,99"
BUENOS_AIRES,ALMACEN,SNACKS PAPAS FRITAS MB ,BUN ,80 GR ,7790310919675,"$ 17,00"
BUENOS_AIRES,ALMACEN,SNACKS PAPAS FRITAS XL ,BUN ,300 GR ,7790310922859,"$ 44,00"
BUENOS_AIRES,ALMACEN,TE  COMÚN EN SAQUITOS ,TARAGÜÍ ,25 UN ,7790387010305,"$ 7,58"
BUENOS_AIRES,ALMACEN,TE  COMÚN EN SAQUITOS ,LA MORENITA ,25 UN ,7790170914759,"$ 7,45"
BUENOS_AIRES,ALMACEN,VINAGRE DE ALCOHOL ,COMENSAL ,1000 CC ,7792378000814,"$ 10,43"
BUENOS_AIRES,ALMACEN,VINAGRE VINO ,DOS ANCLAS ,500 GR ,7792900092980,"$ 14,44"
BUENOS_AIRES,ALMACEN,YERBA MATE SELECCIÓN ESPECIAL ,LA TRANQUERA ,1 KG ,7790480089390,"$ 47,75"
BUENOS_AIRES,ALMACEN,YERBA MATE SELECCIÓN ESPECIAL ,LA TRANQUERA ,500 GR ,7790480089383,"$ 26,11"
BUENOS_AIRES,ALMACEN,YERBA MATE CAMPO ,AMANDA ,1 KG ,7792710000243,"$ 54,48"
BUENOS_AIRES,ALMACEN,YERBA MATE CAMPO & MONTE ,MAÑANITA ,1 KG ,7790387015119,"$ 45,91"
BUENOS_AIRES,ALMACEN,YERBA MATE CON PALO ,AMANDA ,1 KG ,7792710000014,"$ 48,21"
BUENOS_AIRES,ALMACEN,YERBA MATE CON PALO BAJO CONTENIDO EN POLVO ,UNIÓN ,500 GR ,7790387014167,"$ 26,36"
BUENOS_AIRES,ALMACEN,YERBA MATE JUNIOR ,ROSAMONTE ,500 GR ,7790411000210,"$ 26,36"
BUENOS_AIRES,ALMACEN,YERBA MATE JUNIOR TRILAMINADA ,ROSAMONTE ,1 KG ,7790411001545,"$ 54,49"
BUENOS_AIRES,ALMACEN,YERBA MATE LIVIANA ,TARAGUI ,1 KG ,7790387013511,"$ 51,89"
BUENOS_AIRES,ALMACEN,YERBA MATE SUAVE ,ROMANCE ,1 KG ,7790802000164,"$ 53,97"
BUENOS_AIRES,ALMACEN,YERBA MATE SUAVE ,NOBLEZA GAUCHA ,500 GR ,7790070506696,"$ 25,10"
BUENOS_AIRES,ALMACEN,YERBA MATE TRADICIONAL ,ROMANCE ,1 KG ,7790802000027,"$ 47,75"
BUENOS_AIRES,BEBÉS,CHUPETE C/TETINA SILICONA ANATOMICA TALLE 1 ,BABELITO ,1 UN ,7793970326012,"$ 37,25"
BUENOS_AIRES,BEBÉS,CHUPETE C/TETINA SILICONA ANATOMICA TALLE 2 ,BABELITO ,1 UN ,7793970326029,"$ 37,25"
BUENOS_AIRES,BEBÉS,CHUPETE C/TETINA SILICONA ANATOMICA TALLE 3 ,BABELITO ,1 UN ,7793970326036,"$ 37,25"
BUENOS_AIRES,BEBÉS,OLEO CALCAREO ,BABELITO ,500 ML ,7793970551087,"$ 59,31"
BUENOS_AIRES,BEBÉS,PAÑALES DESCARTABLES PARA BEBES  BABYSAN TALLE: GRANDE ,PAMPERS BABYSAN ,52 UN ,7506339326796,"$ 137,33"
BUENOS_AIRES,BEBÉS,PAÑALES DESCARTABLES PARA BEBES TALLE: X - GRANDE ,PAMPERS BABYSAN ,44 UN ,7506309847092,"$ 137,33"
BUENOS_AIRES,BEBÉS,PAÑALES DESCARTABLES PARA BEBES  CLASSIC PLUS HIPER TALLE: GRANDE,HUGGIES CLASSIC ,52 UN ,7794626003929,"$ 146,27"
BUENOS_AIRES,BEBÉS,PAÑALES DESCARTABLES PARA BEBES  CLASSIC PLUS HIPER TALLE: X – GRANDE,HUGGIES CLASSIC ,44 UN ,7794626003936,"$ 146,27"
BUENOS_AIRES,BEBÉS,PAÑALES DESCARTABLES PARA BEBES  ULTRAPROTECT GR ,BABYSEC ,24 UN ,7790250044277,"$ 91,08"
BUENOS_AIRES,BEBÉS,PAÑALES DESCARTABLES PARA BEBES  ULTRAPROTECT M ,BABYSEC ,30 UN ,7790250044260,"$ 91,08"
BUENOS_AIRES,BEBÉS,PAÑALES DESCARTABLES PARA BEBES  ULTRAPROTECT TRIP ,BABYSEC ,20 UN ,7790250044284,"$ 91,08"
BUENOS_AIRES,BEBÉS,PAÑALES DESCARTABLES PARA BEBES  ULTRAPROTECT XXG ,BABYSEC ,20 UN ,7790250044291,"$ 91,08"
BUENOS_AIRES,BEBIDAS CON ALCOHOL,CERVEZA  RUBIA ,IGUANA ,970 ML ,7792798172443,"$ 14,18"
BUENOS_AIRES,BEBIDAS CON ALCOHOL,FERNET 40° ,1882,750 CC ,7790139002879,"$ 72,73"
BUENOS_AIRES,BEBIDAS CON ALCOHOL,VINIO FINO TINTO CABERNET SAUVIGNON ,UVITA DEL PLATA ,750 CC ,7790036005010,"$ 37,44"
BUENOS_AIRES,BEBIDAS CON ALCOHOL,VINIO FINO TINTO MALBEC ,UVITA DEL PLATA ,750 CC ,7790036005027,"$ 37,44"
BUENOS_AIRES,BEBIDAS CON ALCOHOL,VINO COMUN BLANCO TETRABRICK ,RESERO ,1 LT ,7790314057021,"$ 13,18"
BUENOS_AIRES,BEBIDAS CON ALCOHOL,VINO FINO TINTO CABERNET SAUVIGNON ,EL SUPREMO ,750 CC ,7790036973500,"$ 39,31"
BUENOS_AIRES,BEBIDAS CON ALCOHOL,VINO FINO TINTO MALBEC ,EL SUPREMO ,750 CC ,7790036973722,"$ 39,31"
BUENOS_AIRES,BEBIDAS SIN ALCOHOL,AGUA SABORIZADA  NARANJA ,CELLIER - FAVALORO ,"1,5 LT ",7790639002478,"$ 11,11"
BUENOS_AIRES,BEBIDAS SIN ALCOHOL,AGUA SABORIZADA  NARANJA DURAZNO ,CELLIER - FAVALORO ,"1,5 LT ",7790639002430,"$ 11,11"
BUENOS_AIRES,BEBIDAS SIN ALCOHOL,AGUA SIN GAS MINERAL ,BON AQUA ,2 LT ,7790895003882,"$ 11,59"
BUENOS_AIRES,BEBIDAS SIN ALCOHOL,AGUA SIN GAS MINERALIZADA ,KIN ,"2,25 LT ",7790895006555,"$ 11,90"
BUENOS_AIRES,BEBIDAS SIN ALCOHOL,AGUA SIN GAS MINERALIZADA ,KIN ,2 LT ,7790895000119,"$ 11,90"
BUENOS_AIRES,BEBIDAS SIN ALCOHOL,AGUA SIN GAS MINERALIZADA ,CELLIER - FAVALORO ,2 LT ,7790639002416,"$ 10,18"
BUENOS_AIRES,BEBIDAS SIN ALCOHOL,AGUA SIN GAS MINERALIZADA BIDÓN ,KIN ,6 LT ,7790895009679,"$ 30,02"
BUENOS_AIRES,BEBIDAS SIN ALCOHOL,ALIMENTO C/VIT C S/GAS MANZANA - 6 UNIDADES ,BAGGIO VIDA ,1500 CC ,7790036002132,"$ 11,70"
BUENOS_AIRES,BEBIDAS SIN ALCOHOL,ALIMENTO C/VIT C S/GAS NARANJA - 6 UNIDADES ,BAGGIO VIDA ,1500 CC ,7790036002118,"$ 11,70"
BUENOS_AIRES,BEBIDAS SIN ALCOHOL,ALIMENTO C/VIT C S/GAS PERA - 6 UNIDADES ,BAGGIO VIDA ,1500 CC ,7790036002156,"$ 11,70"
BUENOS_AIRES,BEBIDAS SIN ALCOHOL,ALIMENTO C/VIT C S/GAS POMELO - 6 UNIDADES ,BAGGIO VIDA ,1500 CC ,7790036002125,"$ 11,70"
BUENOS_AIRES,BEBIDAS SIN ALCOHOL,ALIMENTO LÍQUIDO ,ADES ,330 ML ,7794000792524,"$ 13,69"
BUENOS_AIRES,BEBIDAS SIN ALCOHOL,ALIMENTO LÍQUIDO ,ADES ,330 ML ,7794000792548,"$ 13,69"
BUENOS_AIRES,BEBIDAS SIN ALCOHOL,GASEOSA COLA ,COCA COLA ,"1,5 LT ",7790895000430,"$ 21,32"
BUENOS_AIRES,BEBIDAS SIN ALCOHOL,GASEOSA COLA ,CUNNINGTON ,"1,5 LT ",7790639001983,"$ 14,89"
BUENOS_AIRES,BEBIDAS SIN ALCOHOL,GASEOSA COLA ,CUNNINGTON ,"2,25 LT ",7790639001976,"$ 17,94"
BUENOS_AIRES,BEBIDAS SIN ALCOHOL,GASEOSA COLA ,MOCORETÁ ,"2,25 LTS ",7790036004617,"$ 15,01"
BUENOS_AIRES,BEBIDAS SIN ALCOHOL,GASEOSA LIMA LIMÓN ,CUNNINGTON ,"1,5 LT ",7790639001662,"$ 14,89"
BUENOS_AIRES,BEBIDAS SIN ALCOHOL,GASEOSA LIMA LIMÓN ,CUNNINGTON ,"2,25 LT ",7790639001365,"$ 17,94"
BUENOS_AIRES,BEBIDAS SIN ALCOHOL,GASEOSA LIMA LIMÓN ,MOCORETÁ ,"2,25 LTS ",7790036004600,"$ 15,01"
BUENOS_AIRES,BEBIDAS SIN ALCOHOL,GASEOSA NARANJA ,MIRINDA ,"1,5 LT ",7791813421153,"$ 18,22"
BUENOS_AIRES,BEBIDAS SIN ALCOHOL,GASEOSA NARANJA ,MOCORETÁ ,"2,25 LTS ",7790036004587,"$ 15,01"
BUENOS_AIRES,BEBIDAS SIN ALCOHOL,GASEOSA POMELO ,MOCORETÁ ,"2,25 LTS ",7790036004494,"$ 15,01"
BUENOS_AIRES,BEBIDAS SIN ALCOHOL,JUGO CONCENTRADO NARANJA ,CARIOCA ,"1,5 LT ",7790895064289,"$ 11,95"
BUENOS_AIRES,BEBIDAS SIN ALCOHOL,JUGO CONCENTRADO NARANJA ,MOCORETÁ ,"1,5 LT ",7790036115122,"$ 10,35"
BUENOS_AIRES,BEBIDAS SIN ALCOHOL,JUGO LIQUIDO NARANJA ,BC ,1 LTS ,7793360106033,"$ 22,28"
BUENOS_AIRES,BEBIDAS SIN ALCOHOL,JUGO LISTO NARANJA ,BAGGIO FRESH ,200 ML ,7790036002620,"$ 5,18"
BUENOS_AIRES,BEBIDAS SIN ALCOHOL,JUGOS EN POLVO ANANA ,VERAO ,10 GR ,7622300861131,"$ 2,43"
BUENOS_AIRES,BEBIDAS SIN ALCOHOL,JUGOS EN POLVO MANZANA ,VERAO ,10 GR ,7622300861070,"$ 2,43"
BUENOS_AIRES,BEBIDAS SIN ALCOHOL,JUGOS EN POLVO MANZANA ROJA ,BC ,"8,5 GR ",7790580984717,"$ 2,79"
BUENOS_AIRES,BEBIDAS SIN ALCOHOL,JUGOS EN POLVO NARANJA ,VERAO ,10 GR ,7622300861049,"$ 2,43"
BUENOS_AIRES,BEBIDAS SIN ALCOHOL,JUGOS EN POLVO NARANJA - DURAZNO ,ARCOR ,20 GR ,7790580105839,"$ 2,23"
BUENOS_AIRES,BEBIDAS SIN ALCOHOL,JUGOS EN POLVO NARANJA DURAZNO ,VERAO ,10 GR ,7622300861100,"$ 2,43"
BUENOS_AIRES,BEBIDAS SIN ALCOHOL,JUGOS EN POLVO PERA ,BC ,"7,8 GR ",7790580984519,"$ 2,79"
BUENOS_AIRES,BEBIDAS SIN ALCOHOL,SODA MINERALIZADA ,KIN ,2 LT ,7790895000898,"$ 11,90"
BUENOS_AIRES,CARNES Y PROCESADOS,CORTES TRADICIONALES DE CARNE VACUNA ESPINAZO ,SUPERMERCADO ,1 KG ,10008,"$ 25,77"
BUENOS_AIRES,CARNES Y PROCESADOS,CORTES TRADICIONALES DE CARNE VACUNA PALETA ,SUPERMERCADO ,1 KG ,10009,"$ 103,40"
BUENOS_AIRES,CARNES Y PROCESADOS,CORTES TRADICIONALES DE CARNE VACUNA PICADA COMÚN ,SUPERMERCADO ,1 KG ,10007,"$ 48,54"
BUENOS_AIRES,CARNES Y PROCESADOS,CORTES TRADICIONALES DE CARNE VACUNA ROAST BEEF,SUPERMERCADO ,1 KG ,10011,"$ 90,98"
BUENOS_AIRES,CARNES Y PROCESADOS, CORTES TRADICIONALES DE CARNE VACUNA TAPA DE ASADO,SUPERMERCADO ,1 KG ,10010,"$ 92,01"
BUENOS_AIRES,FIAMBRERÍA,SALCHICHAS  TIPO VIENA CON PIEL ,SWIFT ,6 UN ,7790360000132,"$ 15,72"
BUENOS_AIRES,FIAMBRERÍA,SALCHICHAS  TIPO VIENA CON PIEL ,PATYVIENA SCOOBY DOO ,6 UN ,7790670045625,"$ 15,99"
BUENOS_AIRES,FRUTAS Y VERDURAS,CEBOLLA ,SUPERMERCADO ,1 KG ,10002,"$ 14,39"
BUENOS_AIRES,FRUTAS Y VERDURAS,LECHUGA ,SUPERMERCADO ,1 KG ,10004,"$ 20,69"
BUENOS_AIRES,FRUTAS Y VERDURAS,MANZANA  COMERCIAL ,SUPERMERCADO ,1 KG ,10005,"$ 22,77"
BUENOS_AIRES,FRUTAS Y VERDURAS,PAPA ,SUPERMERCADO ,1 KG ,10003,"$ 10,25"
BUENOS_AIRES,FRUTAS Y VERDURAS,GALLETITAS DE AGUA CLASICAS ,MEDIA TARDE ,110 GR ,7790040333901,"$ 6,68"
BUENOS_AIRES,FRUTAS Y VERDURAS,GALLETITAS DE AGUA CLASICAS  SINGLE ,EXPRESS CLASICAS PARAGUAS ,108 GR ,7622300847210,"$ 6,28"
BUENOS_AIRES,FRUTAS Y VERDURAS,GALLETITAS DULCES ,BOCA DE DAMA ,160 GR ,7622300829087,"$ 8,28"
BUENOS_AIRES,FRUTAS Y VERDURAS,GALLETITAS DULCES CHOCOLATE ,MACUCAS ,126 GR ,7790040174801,"$ 7,99"
BUENOS_AIRES,FRUTAS Y VERDURAS,GALLETITAS DULCES CHOCOLATE ,LINCOLN ,153 GR ,7622300742676,"$ 7,22"
BUENOS_AIRES,FRUTAS Y VERDURAS,GALLETITAS DULCES CHOCOLATE ,TODDY ,115 GR ,7798113151377,"$ 8,80"
BUENOS_AIRES,FRUTAS Y VERDURAS,GALLETITAS DULCES CHOCOMAMS LIBRE DE GLUTEN ,SMAMS ,150 GR ,7798181510199,"$ 28,53"
BUENOS_AIRES,FRUTAS Y VERDURAS,GALLETITAS DULCES CLASICAS (PACK X 3) ,VOCACIÓN ,465 GR ,7790040177505,"$ 17,80"
BUENOS_AIRES,FRUTAS Y VERDURAS,GALLETITAS DULCES POLVORÓN LIBRE DE GLUTEN ,SMAMS ,130 GR ,7798181510243,"$ 25,10"
BUENOS_AIRES,FRUTAS Y VERDURAS,GALLETITAS DULCES POLVORÓN LIBRE DE GLUTEN ,SMAMS ,130 GR ,7798181510250,"$ 25,10"
BUENOS_AIRES,FRUTAS Y VERDURAS,GALLETITAS DULCES POLVORÓN LIBRE DE GLUTEN ,SMAMS ,130 GR ,7798181510236,"$ 25,10"
BUENOS_AIRES,FRUTAS Y VERDURAS,GALLETITAS DULCES ROCOCÓ ,TERRABUSI ,160 GR ,7622300398545,"$ 15,75"
BUENOS_AIRES,FRUTAS Y VERDURAS,GALLETITAS SALADAS JAMÓN ,KESBUN ,100 GR ,7790310003626,"$ 9,74"
BUENOS_AIRES,FRUTAS Y VERDURAS,GALLETITAS SALADAS SABOR ORIGINAL ,KESBUN ,100 GR ,7790310002568,"$ 9,74"
BUENOS_AIRES,LÁCTEOS,CREMA DE LECHE ENTERA ,MILKAUT ,200 CC ,7794820015155,"$ 13,58"
BUENOS_AIRES,LÁCTEOS,DULCE DE LECHE  ,NATIVO ,400 GR ,7790244009145,"$ 18,62"
BUENOS_AIRES,LÁCTEOS,DULCE DE LECHE  FAMILIAR ,YATASTO ,400 GR ,7798111060961,"$ 17,70"
BUENOS_AIRES,LÁCTEOS,DULCE DE LECHE  REPOSTERO ,YATASTO ,400 GR ,7798111060299,"$ 17,70"
BUENOS_AIRES,LÁCTEOS,LECHE CHOCOLATADA SEMID ,SANDY ,1000 CC ,7790036007465,"$ 22,77"
BUENOS_AIRES,LÁCTEOS,LECHE CHOCOLATADA SEMID ,SANDY ,200 CC ,7790036007489,"$ 9,32"
BUENOS_AIRES,LÁCTEOS,LECHE CHOCOLATADA EN (SACHET) ,LA SUIPACHENSE ,1 L ,7794396004645,"$ 12,83"
BUENOS_AIRES,LÁCTEOS,LECHE CHOCOLATADA LARGA VIDA ,7 DÍAS ,1000 CC ,7790036948348,"$ 19,33"
BUENOS_AIRES,LÁCTEOS,LECHE CHOCOLATADA LARGA VIDA ,7 DÍAS ,200 CC ,7790036005324,"$ 8,44"
BUENOS_AIRES,LÁCTEOS,LECHE CHOCOLATADA LARGA VIDA ,SHIMMY ,1 LTR ,7790080037357,"$ 22,20"
BUENOS_AIRES,LÁCTEOS,LECHE COMUN DESCREMADA  (SACHET) ,SANTA BRIGIDA ,1 LT ,7790080032611,"$ 12,29"
BUENOS_AIRES,LÁCTEOS,LECHE COMUN ENTERA (SACHET) ,SANTA BRIGIDA ,1 LT ,7790080032604,"$ 12,29"
BUENOS_AIRES,LÁCTEOS,LECHE E/POLVO CHOCOLATADA ,NIDO ,360 GR ,7613034798602,"$ 50,95"
BUENOS_AIRES,LÁCTEOS,LECHE EN POLVO ENTERA ,LA LECHERA ,400 GR ,7613035715769,"$ 52,99"
BUENOS_AIRES,LÁCTEOS,LECHE EN POLVO ENTERA INSTANTÁNEA FORTIFICADA A/D ,PURÍSIMA ,400 GR ,7798095170823,"$ 42,77"
BUENOS_AIRES,LÁCTEOS,LECHE EN POLVO HUESOS FUERTES ,SVELTY ,400 GR ,7613034642103,"$ 52,16"
BUENOS_AIRES,LÁCTEOS,LECHE ENTERA UAT ,7 DÍAS ,"1,5 LT ",7790036007830,"$ 18,63"
BUENOS_AIRES,LÁCTEOS,LECHE ENTERA ENTERA UAT ,7 DÍAS ,1 LT ,7790036948317,"$ 12,17"
BUENOS_AIRES,LÁCTEOS,LECHE LARGA VIDA  ENTERA ,VERÓNICA ,1 LT ,7794710010017,"$ 15,35"
BUENOS_AIRES,LÁCTEOS,LECHE SEMIDESCREMADA UAT ,7 DÍAS ,"1,5 LT ",7790036007854,"$ 18,63"
BUENOS_AIRES,LÁCTEOS,LECHE UAT  DESCREMADA CON CALCIO ,LA LACTEO ,1 LTR ,7791241000449,"$ 15,35"
BUENOS_AIRES,LÁCTEOS,LECHE UAT ENTERA CON CALCIO ,LA LACTEO ,1 LTR ,7791241000432,"$ 15,35"
BUENOS_AIRES,LÁCTEOS,LECHE UAT ENTERA ENTERA ,LAS TRES NIÑAS ,1 LT ,7790080037135,"$ 15,32"
BUENOS_AIRES,LÁCTEOS,LECHE UAT PARC. DESCREMADA ,LAS TRES NIÑAS ,1 LT ,7790080037159,"$ 15,32"
BUENOS_AIRES,LÁCTEOS,LECHE VITAMINIZADA PARA NIÑOS  ENTERA ,LATTE ,200 CC ,7790036008042,"$ 8,28"
BUENOS_AIRES,LÁCTEOS,LECHE VITAMINIZADA PARA NIÑOS ENTERA ,LATTE ,1000 CC ,7790036008035,"$ 18,63"
BUENOS_AIRES,LÁCTEOS,POSTRE FLAN LIBRE DE GLUTEN ,EMETH ,60 GR ,7791113001536,"$ 6,60"
BUENOS_AIRES,LÁCTEOS,POSTRE NIÑO CHOCOLATE ,SHIMMY ,120 GR ,7790080040906,"$ 7,76"
BUENOS_AIRES,LÁCTEOS,POSTRE NIÑO CHOCOLATE - (PACK X 4) ,DANETTE ,380 GR ,7791337526075,"$ 36,21"
BUENOS_AIRES,LÁCTEOS,POSTRE NIÑO CHOCOLATE Y DULCE DE LECHE ,SHIMMY ,120 GR ,7790080040913,"$ 7,76"
BUENOS_AIRES,LÁCTEOS,POSTRE NIÑO CRASH PACK CHOCOLATE ,SERENITO ,200 GR ,7791337046078,"$ 14,13"
BUENOS_AIRES,LÁCTEOS,POSTRE NIÑO CRASH PACK VAINILLA ,SERENITO ,200 GR ,7791337046016,"$ 14,13"
BUENOS_AIRES,LÁCTEOS,POSTRE NIÑO DULCE DE LECHE ,SHIMMY ,120 GR ,7790080040920,"$ 7,76"
BUENOS_AIRES,LÁCTEOS,POSTRE NIÑO DULCE DE LECHE - (PACK X 4) ,DANETTE ,380 GR ,7791337526068,"$ 36,21"
BUENOS_AIRES,LÁCTEOS,POSTRE NIÑO FLAN CON CARAMELO (PACK x 2) ,DANETTE ,190 GR ,7791337031517,"$ 14,13"
BUENOS_AIRES,LÁCTEOS,POSTRE NIÑO FLAN CON DULCE DE LECHE - (PACK X 2) ,DANETTE ,190 GR ,7791337531567,"$ 14,13"
BUENOS_AIRES,LÁCTEOS,POSTRE NIÑO FLAN DE VAINILLA CON CARMELO ,ILOLAY ,110 GR ,7790787087334,"$ 8,18"
BUENOS_AIRES,LÁCTEOS,POSTRE NIÑO FLAN DE VAINILLA CON CARMELO Y DULCE DE LECHE ,ILOLAY ,100 GR ,7790787087341,"$ 8,18"
BUENOS_AIRES,LÁCTEOS,POSTRE NIÑO FLAN FORTIFICADO (PACK X 2) VAINILLA ,SERENITO ,200 GR ,7791337832015,"$ 14,13"
BUENOS_AIRES,LÁCTEOS,POSTRE NIÑO FLAN SER ,SER ,190 GR ,7791337915817,"$ 14,13"
BUENOS_AIRES,LÁCTEOS,POSTRE NIÑO VAINILLA ,SHIMMY ,120 GR ,7790080040876,"$ 7,76"
BUENOS_AIRES,LÁCTEOS,POSTRE NIÑO VAINILLA Y DULCE DE LECHE ,SHIMMY ,120 GR ,7790080040890,"$ 7,76"
BUENOS_AIRES,LÁCTEOS,PREPARADO LACTEO  MANZANA Y BANANA (PACK X 2) ,PRIMEROS SABORES ,240 GR ,7790080068528,"$ 15,32"
BUENOS_AIRES,LÁCTEOS,PREPARADO LACTEO  VAINILLA (PACK X 2) ,PRIMEROS SABORES ,240 GR ,7790080068511,"$ 15,32"
BUENOS_AIRES,LÁCTEOS,QUESO BLANCO ,YATASTO ,320 GR ,7798111061098,"$ 17,51"
BUENOS_AIRES,LÁCTEOS,QUESO CREMA ,YATASTO ,320 GR ,7798111060329,"$ 19,46"
BUENOS_AIRES,LÁCTEOS,QUESO CREMA CREMOSO ,MENDICRIM ,300 GR ,7790080040074,"$ 25,77"
BUENOS_AIRES,LÁCTEOS,QUESO CREMA ENTERO ,C ASANCREM ,500 GR ,7791337011304,"$ 46,56"
BUENOS_AIRES,LÁCTEOS,QUESO CREMA LIGHT ,CASANCREM ,500 GR ,7791337011311,"$ 45,38"
BUENOS_AIRES,LÁCTEOS,QUESO CREMA SEMIDESCREMADO LIGHT (EN POTE),SAN IGNACIO ,320 GR ,7790244001446,"$ 23,43"
BUENOS_AIRES,LÁCTEOS,QUESO CREMOSO CUARTIROLO ,LA SUIPACHENSE ,1 KG ,7794396000760,"$ 76,87"
BUENOS_AIRES,LÁCTEOS,QUESO PORT SALUT ,LA SUIPACHENSE ,1 KG ,7794396001057,"$ 85,94"
BUENOS_AIRES,LÁCTEOS,QUESO RALLADO ,SANTA BRIGIDA ,120 GR ,7790080014846,"$ 27,89"
BUENOS_AIRES,LÁCTEOS,QUESO UNTABLE SABOR CLÁSICO ,VERÓNICA ,190 GR ,7794710070103,"$ 22,14"
BUENOS_AIRES,LÁCTEOS,YOGURENTERO VAINILLA (PACK X 2) ,YOGS ,250 GR ,7790080065190,"$ 10,61"
BUENOS_AIRES,LÁCTEOS,YOGUR  FRUTILLA (BOTELLA) ,LA SUIPACHENSE ,190 GR ,7794396001286,"$ 10,71"
BUENOS_AIRES,LÁCTEOS,YOGUR  TUTTI FRUTI (BOTELLA) ,LA SUIPACHENSE ,190 GR ,7794396001309,"$ 10,71"
BUENOS_AIRES,LÁCTEOS,YOGUR VAINILLA (BOTELLA) ,LA SUIPACHENSE ,190 GR ,7794396001293,"$ 10,71"
BUENOS_AIRES,LÁCTEOS,YOGUR CON ARITOS FRUTADOS ,ILOLAY ,160 GR ,7790787104772,"$ 13,96"
BUENOS_AIRES,LÁCTEOS,YOGUR DESCREMADO MULTRINUTIENTES FRUTILLA BEBIBLE,YOGS LIGHT ,185 GR ,7790080067958,"$ 13,35"
BUENOS_AIRES,LÁCTEOS,YOGUR DESCREMADO MULTRINUTIENTES VAINILLA BEBIBLE  ,YOGS LIGHT ,185 GR ,7790080067965,"$ 13,35"
BUENOS_AIRES,LÁCTEOS,YOGUR DESCREMADO CON CEREAL MULTINUTRIENTES  ,YOGS LIGHT ,162 GR ,7790080067910,"$ 15,53"
BUENOS_AIRES,LÁCTEOS,YOGUR DESCREMADO FRUTADO MULTRINUTIENTES DURAZNO,YOGS LIGHT ,180 GR ,7790080065312,"$ 17,75"
BUENOS_AIRES,LÁCTEOS,YOGUR DESCREMADO FRUTADO  MULTRINUTIENTES FRAMBUESA Y MORA ,YOGS LIGHT ,180 GR ,7790080065299,"$ 17,75"
BUENOS_AIRES,LÁCTEOS,YOGUR DESCREMADO FRUTADO  MULTRINUTIENTES FRUTILLA,YOGS LIGHT ,180 GR ,7790080065305,"$ 17,75"
BUENOS_AIRES,LÁCTEOS,YOGUR ENTERO MULTRINUTIENTES  DURAZNO BEBIBLE  ,YOGS ,185 GR ,7790080067934,"$ 11,54"
BUENOS_AIRES,LÁCTEOS,YOGUR ENTERO MULTRINUTIENTES FRUTILLA BEBIBLE  ,YOGS ,185 GR ,7790080067927,"$ 11,54"
BUENOS_AIRES,LÁCTEOS,YOGUR ENTERO MULTRINUTIENTES VAINILLA BEBIBLE  ,YOGS ,185 GR ,7790080067941,"$ 11,54"
BUENOS_AIRES,LÁCTEOS,YOGUR ENTERO CON CEREAL MULTINUTRIENTES POTE ,YOGS ,165 GR ,7790080067903,"$ 15,53"
BUENOS_AIRES,LÁCTEOS,YOGUR ENTERO DURAZNO ,LA SUIPACHENSE ,1 LT ,7794396000487,"$ 16,33"
BUENOS_AIRES,LÁCTEOS,YOGUR ENTERO DURAZNO (SACHET) ,MILKAUT ,1 KG ,7794820015186,"$ 17,06"
BUENOS_AIRES,LÁCTEOS,YOGUR ENTERO FRUTILLA ,LA SUIPACHENSE ,1 LT ,7794396000180,"$ 16,33"
BUENOS_AIRES,LÁCTEOS,YOGUR ENTERO FRUTILLA (SACHET) ,MILKAUT ,1 KG ,7794820015162,"$ 17,06"
BUENOS_AIRES,LÁCTEOS,YOGUR ENTERO FRUTOS DEL BOSQUE ,LA SUIPACHENSE ,1 LT ,7794396001217,"$ 16,33"
BUENOS_AIRES,LÁCTEOS,YOGUR ENTERO MULTIFRUTA (SACHET) ,MILKAUT ,1 KG ,7794820015193,"$ 17,06"
BUENOS_AIRES,LÁCTEOS,YOGUR ENTERO TUTIFRUTI ,LA SUIPACHENSE ,1 LT ,7794396000999,"$ 16,33"
BUENOS_AIRES,LÁCTEOS,YOGUR ENTERO VAINILLA ,LA SUIPACHENSE ,1 LT ,7794396000197,"$ 16,33"
BUENOS_AIRES,LÁCTEOS,YOGUR ENTERO VAINILLA (SACHET) ,MILKAUT ,1 KG ,7794820015179,"$ 17,06"
BUENOS_AIRES,LÁCTEOS,YOGUR FORTIFICADO VAINILLA  (BOTELLA) ,YOGURISIMO GO ,185 GR ,7791337533318,"$ 14,13"
BUENOS_AIRES,LÁCTEOS,YOGUR FORTIFICADO FRUTILLA (BOTELLA) ,YOGURISIMO GO ,185 GR ,7791337533325,"$ 14,13"
BUENOS_AIRES,LÁCTEOS,YOGUR LIBRE FORTIFICADO ,SER ,185 GR ,7791337933286,"$ 14,13"
BUENOS_AIRES,LIBRERÍA,ADHESIVO SINTETICO  TRANSPARENTE ,PELIKAN ,50 ML ,7792700002479,"$ 13,25"
BUENOS_AIRES,LIBRERÍA,ADHESIVO VINILICO COLA BLANCA ,PELIKAN ,30 GR ,7792700002745,"$ 4,76"
BUENOS_AIRES,LIBRERÍA,BOLÍGRAFO AZUL ,MICRO ,4 UN ,7798000089165,"$ 14,48"
BUENOS_AIRES,LIBRERÍA,"BOLÍGRAFO AZUL STICK 026 1,0MM ",FILGO ,4 UN ,7795513044780,"$ 9,70"
BUENOS_AIRES,LIBRERÍA,BOLÍGRAFO AZUL TINTA SEMI GEL ,PELIKAN ,1 UN ,4012700962522,"$ 4,14"
BUENOS_AIRES,LIBRERÍA,BOLÍGRAFO AZUL TINTA SEMI GEL ,PELIKAN ,4 UN ,7792700000772,"$ 14,49"
BUENOS_AIRES,LIBRERÍA,"BOLÍGRAFO NEGRO STICK 026 1,0MM ",FILGO ,4 UN ,7795513044773,"$ 9,70"
BUENOS_AIRES,LIBRERÍA,BOLÍGRAFO NEGRO TINTA SEMI GEL ,PELIKAN ,1 UN ,4012700962539,"$ 4,14"
BUENOS_AIRES,LIBRERÍA,BOLÍGRAFO RETRÁCTIL AZUL ,FILGO ,1 UN ,7795513043431,"$ 6,72"
BUENOS_AIRES,LIBRERÍA,BOLÍGRAFO RETRÁCTIL NEGRO ,FILGO ,1 UN ,7795513043448,"$ 6,72"
BUENOS_AIRES,LIBRERÍA,BOLÍGRAFO ROJO TINTA SEMI GEL ,PELIKAN ,1 UN ,4012700962546,"$ 4,14"
BUENOS_AIRES,LIBRERÍA,BOLÍGRAFO ROUND STIC SURTIDO ,BIC ,4 UN ,70330187757,"$ 17,01"
BUENOS_AIRES,LIBRERÍA,"BOLÍGRAFO SURTIDO STICK 026 1,0MM ",FILGO ,4 UN ,7795513044797,"$ 9,70"
BUENOS_AIRES,LIBRERÍA,BORRATINTAS (PACK X 2) ,FILGO ,1 UN ,7795513043417,"$ 25,60"
BUENOS_AIRES,LIBRERÍA,CARTUCHOS DE TINTA  AZUL MODELO EUROPEO (PACK X 6) ,FILGO ,1 UN ,7795513043592,"$ 8,45"
BUENOS_AIRES,LIBRERÍA,CARTUCHOS DE TINTA AZUL LAVABLE ,PELIKAN ,6 UN ,4012700301178,"$ 25,67"
BUENOS_AIRES,LIBRERÍA,CRAYONES REDONDOS SURTIDOS ,PELIKAN ,12 UN ,7792700701846,"$ 25,67"
BUENOS_AIRES,LIBRERÍA,CUADERNO ESCOLAR 16x21 FORRADO UNIVERSO TAPA DURA ,GLORIA ,48 HOJAS ,7791762127045,"$ 20,04"
BUENOS_AIRES,LIBRERÍA,CUADERNO ESCOLAR 16x21 TAPA BLANDA ,GLORIA ,48 HOJAS ,7791762110078,"$ 7,56"
BUENOS_AIRES,LIBRERÍA,LAPICERA ROLLER TINTA GEL BORRABLE BORRAXIÓN ,FILGO ,1 UN ,7795513049938,"$ 45,16"
BUENOS_AIRES,LIBRERÍA,LÁPIZ  LÁPICES LARGOS DE COLORES SURTIDOS ,PELIKAN ,12 UN ,7792700002691,"$ 40,26"
BUENOS_AIRES,LIBRERÍA,LÁPIZ DE GRAFITO NEGRO HB CON GOMA ,PELIKAN ,4 UN ,7792700873581,"$ 25,67"
BUENOS_AIRES,LIBRERÍA,LÁPIZ CORRECTOR ,FILGO ,1 UN ,7795513049907,"$ 15,89"
BUENOS_AIRES,LIBRERÍA,LÁPIZ CORRECTOR MICRO SLIM ,MICRO ,1 UN ,7798184710480,"$ 13,44"
BUENOS_AIRES,LIBRERÍA,LÁPIZ GRAFITO SIN GOMA ,SIMBALL ,3 UN ,7798000083422,"$ 5,99"
BUENOS_AIRES,LIBRERÍA,LAPIZ NEGRO GRAFITO (PACK X 12) ,FILGO ,1 UN ,7795513042868,"$ 20,65"
BUENOS_AIRES,LIBRERÍA,LAPIZ NEGRO SIGMA FLEX HB ,FILGO ,4 UN ,7795513043851,"$ 9,87"
BUENOS_AIRES,LIBRERÍA,"MINA 0,5 MM 2B ",FILGO ,2 UN ,7795513043974,"$ 6,73"
BUENOS_AIRES,LIBRERÍA,"MINA 0,5 MM B ",FILGO ,2 UN ,7795513043967,"$ 6,73"
BUENOS_AIRES,LIBRERÍA,"MINA 0,5 MM HB ",FILGO ,2 UN ,7795513043950,"$ 6,73"
BUENOS_AIRES,LIBRERÍA,PLUMA ESCOLAR  TRASLÚCIDA ,SIMBALL ,1 UN ,7798000082500,"$ 20,69"
BUENOS_AIRES,LIBRERÍA,PORTAMINAS CHEKY ,SIMBALL ,1 UN ,7798184711326,"$ 12,41"
BUENOS_AIRES,LIBRERÍA,"PORTAMINAS REXGRIP 0,5 MM AZUL ",FILGO ,1 UN ,7795513043424,"$ 6,17"
BUENOS_AIRES,LIBRERÍA,REPUESTO HOJAS 96 HOJAS N°3 CUADRICULADO ,GLORIA ,96 HOJAS ,7791762181320,"$ 18,58"
BUENOS_AIRES,LIBRERÍA,REPUESTO HOJAS 96 HOJAS N°3 RAYADO ,GLORIA ,96 HOJAS ,7791762181122,"$ 18,58"
BUENOS_AIRES,LIBRERÍA,REPUESTO LAPICERA ROLLER TINTA GEL BORRABLE BORRAXIÓN ,FILGO ,1 UN ,7795513043622,"$ 23,37"
BUENOS_AIRES,LIBRERÍA,RESALTADOR  LIGHTER FINE AMARILLO FLUO ,FILGO ,2 UN ,7795513043509,"$ 9,47"
BUENOS_AIRES,LIBRERÍA,RESALTADOR  LIGHTER FINE CELESTE FLUO ,FILGO ,2 UN ,7795513044681,"$ 9,47"
BUENOS_AIRES,LIBRERÍA,RESALTADOR  LIGHTER FINE NARANJA FLUO ,FILGO ,2 UN ,7795513043523,"$ 9,47"
BUENOS_AIRES,LIBRERÍA,RESALTADOR  LIGHTER FINE ROSA FLUO ,FILGO ,2 UN ,7795513044674,"$ 9,47"
BUENOS_AIRES,LIBRERÍA,RESALTADOR  LIGHTER FINE VERDE FLUO ,FILGO ,2 UN ,7795513043516,"$ 9,47"
BUENOS_AIRES,LIMPIEZA,ALCOHOL EN GEL 70º ,M.F. ,250 CC ,7792378000562,"$ 28,77"
BUENOS_AIRES,LIMPIEZA,APRESTO GATILLO ,ECOVITA ,500 CC ,7798124361420,"$ 20,01"
BUENOS_AIRES,LIMPIEZA,APRESTO PARA ROPA (DOY PACK) ,ECOVITA ,500 ML ,7798124360799,"$ 8,80"
BUENOS_AIRES,LIMPIEZA,AUTOBRILLO INCOLORO ,SUIZA ,900 CC ,7790613000230,"$ 28,52"
BUENOS_AIRES,LIMPIEZA,AUTOBRILLO INCOLORO (DOY PACK) ,CERAMICOL ,450 ML ,7790520017314,"$ 24,49"
BUENOS_AIRES,LIMPIEZA,AUTOBRILLO NEGRO ,SUIZA ,900 CC ,7790613000247,"$ 28,52"
BUENOS_AIRES,LIMPIEZA,AUTOBRILLO ROJO ,SUIZA ,900 CC ,7790613000254,"$ 28,52"
BUENOS_AIRES,LIMPIEZA,BARRA QUITAMANCHAS ,GIGANTE ,75 GR ,7790828002913,"$ 10,93"
BUENOS_AIRES,LIMPIEZA,CERA PARA MADERA AL SOLVENTE NATURAL ,CLINSY ,900 CC ,7790613000193,"$ 59,00"
BUENOS_AIRES,LIMPIEZA,DETERGENTE MANZANA VERDE ,MAGISTRAL ,500 ML ,7506309878997,"$ 28,00"
BUENOS_AIRES,LIMPIEZA,DETERGENTE PARA LAVAR ROPA FINA (DOY PACK) ,ECOVITA ,450 ML ,7798124360805,"$ 15,30"
BUENOS_AIRES,LIMPIEZA,DISCO ANTIPOLILLIAS LAVANDA ,AIR PUR ,1 UN ,7790900004996,"$ 25,68"
BUENOS_AIRES,LIMPIEZA,ENCENDEDOR MAXI J6 LISO BL 50 x1 ,BIC ,1 UN ,70330609723,"$ 20,25"
BUENOS_AIRES,LIMPIEZA,ESCOBILLÓN CALABRIA ,LA GAUCHITA ,1 UN ,7792459002164,"$ 31,15"
BUENOS_AIRES,LIMPIEZA,ESPIRALES PARA MOSQUITOS COUNTRY FRESH DOBLE ACCION ,FUYI ,12 UN ,7790520009548,"$ 13,12"
BUENOS_AIRES,LIMPIEZA,ESPONJA LISA ,VIRULANA ,1 UN ,7794440003310,"$ 6,11"
BUENOS_AIRES,LIMPIEZA,ESPONJA MULTIONDAS ,VIRULANA ,1 UN ,7794440000210,"$ 15,42"
BUENOS_AIRES,LIMPIEZA,JABÓN EN POLVO LAVADO TOTAL ,GRANBY ,800 GR ,7791290004603,"$ 17,84"
BUENOS_AIRES,LIMPIEZA,JABON LIQUIDO ROSAS Y LILAS ,DRIVE ,800 ML ,7791290011533,"$ 31,39"
BUENOS_AIRES,LIMPIEZA,JABON LIQUIDO PARA LAVARROPAS (BOTELLA) ,ECOVITA ,"1,5 LT ",7798124360720,"$ 43,97"
BUENOS_AIRES,LIMPIEZA,JABON LIQUIDO PARA LAVARROPAS (BOTELLA) ,ECOVITA ,800 CC ,7798124360676,"$ 25,09"
BUENOS_AIRES,LIMPIEZA,JABON LIQUIDO PARA LAVARROPAS (BOTELLA) ,ECOVITA ,3 LT ,7798124360737,"$ 81,60"
BUENOS_AIRES,LIMPIEZA,JABON LIQUIDO PARA LAVARROPAS (DOY PACK) ,ECOVITA ,800 CC ,7798124360713,"$ 23,19"
BUENOS_AIRES,LIMPIEZA,JABON PARA LAVAR LIMPIEZA CLASICA (PACK X 2) ,GIGANTE ,400 GR ,7790828103344,"$ 15,71"
BUENOS_AIRES,LIMPIEZA,LANA DE ACERO ROLLITOS (PACK X 6) ,VIRULANA ,6 UN ,7794440101729,"$ 6,73"
BUENOS_AIRES,LIMPIEZA,LAVANDINA  COMUN ,AYUDÍN ,1 LT ,7790132098459,"$ 9,16"
BUENOS_AIRES,LIMPIEZA,LAVANDINA  CONCENTRADA ,QUERUBÍN ,2 LT ,7791905000037,"$ 22,76"
BUENOS_AIRES,LIMPIEZA,LAVANDINA  EN GEL ORIGINAL ,VIM ,300 ML ,7791290005518,"$ 15,32"
BUENOS_AIRES,LIMPIEZA,LAVAVAJILLAS ACTIVE GEL LIM , CIF ,450 ML ,7791290010574,"$ 25,09"
BUENOS_AIRES,LIMPIEZA,LAVAZAPATILLAS 300 ML ,IBERIA ,24 UN ,7790900004675,"$ 53,72"
BUENOS_AIRES,LIMPIEZA,LIMPIADOR  DE VIDRIOS ,ECOVITA ,900 ML ,7798124360980,"$ 15,48"
BUENOS_AIRES,LIMPIEZA,LIMPIADOR  PARA INODORO – ADHESIVO - GLADE - 4 en 1 – LAVANDA,MR MUSCULO ,3 UN ,7790520013194,"$ 15,49"
BUENOS_AIRES,LIMPIEZA,LIMPIADOR  PARA VIDRIOS Y MULTIUSO (DOY PACK) ,MR MUSCULO ,450 ML ,7790520018649,"$ 17,40"
BUENOS_AIRES,LIMPIEZA,LIMPIADOR BAÑO (DOY PACK) ,MR MUSCULO ,450 CC ,7790520012395,"$ 17,64"
BUENOS_AIRES,LIMPIEZA,LIMPIADOR BAÑOS (DOY PACK) ,ECOVITA ,900 CC ,7798124360997,"$ 17,21"
BUENOS_AIRES,LIMPIEZA,LIMPIADOR BAÑOS GATILLO ,ECOVITA ,500 CC ,7798124360034,"$ 21,20"
BUENOS_AIRES,LIMPIEZA,LIMPIADOR COCINA (DOY PACK) ,ECOVITA ,900 CC ,7798124360973,"$ 15,21"
BUENOS_AIRES,LIMPIEZA,LIMPIADOR DESINFECTANTE CITRUS (DOY PACK) ,ESPADOL ,450 ML ,7791130029407,"$ 11,13"
BUENOS_AIRES,LIMPIEZA,LIMPIADOR DESINFECTANTE LAVANDA (DOY PACK) ,ESPADOL ,450 ML ,7791130029414,"$ 11,13"
BUENOS_AIRES,LIMPIEZA,LIMPIADOR LÍQUIDO PARA PISOS LAVANDA ,LYSOFORM ,900 ML ,7790520016317,"$ 23,49"
BUENOS_AIRES,LIMPIEZA,LIMPIADOR MULTIUSO (DOY PACK) ,PROCENEX ,500 ML ,7791130004503,"$ 6,51"
BUENOS_AIRES,LIMPIEZA,LIMPIADOR PISOS PLASTIFICADOS Y FLOTANTES DE MADERA ,SUIZA ,900 CC ,7790613000278,"$ 27,84"
BUENOS_AIRES,LIMPIEZA,LUSTRA MUEBLES EN CREMA ,SUIZA ,200 CC ,7790613000407,"$ 14,84"
BUENOS_AIRES,LIMPIEZA,LUSTRAMUEBLES (DOY PACK) ,ECOVITA ,500 ML ,7798124360836,"$ 17,99"
BUENOS_AIRES,LIMPIEZA,LUSTRAMUEBLES EN AEROSOL ,CERAMICOL ,360 CC ,7790463000114,"$ 26,60"
BUENOS_AIRES,LIMPIEZA,LUSTRAMUEBLES GATILLO ,ECOVITA ,500 CC ,7798124360683,"$ 24,80"
BUENOS_AIRES,LIMPIEZA,PALITA PLÁSTICA ,LA GAUCHITA ,1 UN ,7792459012101,"$ 15,18"
BUENOS_AIRES,LIMPIEZA,PAPEL HIGIÉNICO DOBLE HOJA BLANCO (4 ROLLOS X 30 METROS),SWEETY ,120 M2 ,7791828006208,"$ 30,24"
BUENOS_AIRES,LIMPIEZA,PAPEL HIGIÉNICO (4 ROLLOS X 20 METROS) ,ELITE ,80 M ,7790250024071,"$ 26,91"
BUENOS_AIRES,LIMPIEZA,PAPEL HIGIÉNICO GOLD DH CONTROL (4 ROLLOS x 30METROS) ,SCOTT ,120 M2 ,7798038152206,"$ 36,87"
BUENOS_AIRES,LIMPIEZA,PRELAVADO PARA ROPA (DOY PACK) ,ECOVITA ,400 ML ,7798124360812,"$ 13,36"
BUENOS_AIRES,LIMPIEZA,PRODUCTO ANTIHUMEDAD MAX LAVANDA ,AIR PUR ,12 UN ,7790900015121,"$ 82,70"
BUENOS_AIRES,LIMPIEZA,REPELENTE EN AEROSOL ,FORFAIT ,160 ML ,7798025514680,"$ 34,14"
BUENOS_AIRES,LIMPIEZA,REPUESTO UNIVERSAL ANTIHUMEDAD LAVANDA 250 GR ,AIR PUR ,24 UN ,7790900015305,"$ 82,70"
BUENOS_AIRES,LIMPIEZA,SERVILLETAS DE PAPEL BLANCAS ,CARTABELLA ,70 UN ,7791828004914,"$ 11,58"
BUENOS_AIRES,LIMPIEZA,SERVILLETAS DE PAPEL ULTRAMAX ,SUSSEX ,80 UN ,7790250057703,"$ 14,70"
BUENOS_AIRES,LIMPIEZA,SISTEMA AHUYENTA MOSQUITOS MOSQUITO STOP 100 GR ,AgentX ,20 UN ,7790900030292,"$ 48,54"
BUENOS_AIRES,LIMPIEZA,SUAVIZANTE PARA ROPA MAS PERFUME VIOL Y FLORES BL (DOY PACK),VIVERE ,900 ML ,7791290010499,"$ 27,33"
BUENOS_AIRES,LIMPIEZA,TABLETAS PARA MOSQUITOS DOBLE ACCIÓN ,FUYI ,16 UN ,7790520010049,"$ 21,94"
BUENOS_AIRES,PAN FRESCO,PAN FRESCO ,SUPERMERCADO ,1 KG ,10001,"$ 27,95"
BUENOS_AIRES,PASTAS Y TAPAS,CAPELLETIS JAMÓN Y MUZZARELLA ,LA SALTEÑA ,500 GR ,7790236000693,"$ 39,77"
BUENOS_AIRES,PASTAS Y TAPAS,FIDEOS SECOS CARACOL ,MOLTO ,500 GR ,7798138552500,"$ 11,90"
BUENOS_AIRES,PASTAS Y TAPAS,FIDEOS SECOS CODITO ,SAN AGUSTÍN ,500 GR ,7792180004963,"$ 9,11"
BUENOS_AIRES,PASTAS Y TAPAS,FIDEOS SECOS DEDALON ,MOLTO ,500 GR ,7798138552845,"$ 11,90"
BUENOS_AIRES,PASTAS Y TAPAS,FIDEOS SECOS MOSTACHOL ,MAROLIO ,500 GR ,7797470005477,"$ 9,57"
BUENOS_AIRES,PASTAS Y TAPAS,FIDEOS SECOS SPAGHETTI ,MAROLIO ,500 GR ,7797470003121,"$ 9,57"
BUENOS_AIRES,PASTAS Y TAPAS,FIDEOS SECOS TIPO CODITO ,FAVORITA ,500 GR ,7790070320322,"$ 9,57"
BUENOS_AIRES,PASTAS Y TAPAS,FIDEOS SECOS TIPO GUISEROS MOSTACHOLES ,MANERA ,500 GR ,7791110001874,"$ 9,99"
BUENOS_AIRES,PASTAS Y TAPAS,FIDEOS SECOS TIPO TALLARÍN ,FAVORITA ,500 GR ,7790070320292,"$ 9,57"
BUENOS_AIRES,PASTAS Y TAPAS,FIDEOS SECOS TIPO TALLARÍN ,MANERA ,500 GR ,7791110003069,"$ 9,99"
BUENOS_AIRES,PASTAS Y TAPAS,FIDEOS SECOS TIRABUZON ,MOLTO ,500 GR ,7798138552364,"$ 11,90"
BUENOS_AIRES,PASTAS Y TAPAS,FIDEOS SECOS TIRABUZÓN ,SAN AGUSTÍN ,500 GR ,7792180004949,"$ 9,11"
BUENOS_AIRES,PASTAS Y TAPAS,TAPA DE TARTA PASCUALINA BAJO SODIO ,MENDÍA ,400 GR ,7790522012188,"$ 13,29"
BUENOS_AIRES,PASTAS Y TAPAS,TAPAS PARA EMPANADAS CRIOLLA ,LA SALTEÑA ,20 UN ,7790236001232,"$ 20,94"
BUENOS_AIRES,PERFUMERÍA Y CUIDADO PERSONAL,AFEITADORA DESCARTABLE COMFORT 2 - FEMENINO - 2 HOJAS  FLOW PACK x 5 UNIDADES,BIC ,272 GR ,70330728974,"$ 40,17"
BUENOS_AIRES,PERFUMERÍA Y CUIDADO PERSONAL,AFEITADORA DESCARTABLE COMFORT 2 - MASCULINO - 2  HOJAS FLOW PACK x 5 UNIDADES,BIC ,272 GR ,70330709881,"$ 39,17"
BUENOS_AIRES,PERFUMERÍA Y CUIDADO PERSONAL,ALCOHOL ETILICO 96 ° ,M.F. ,500 CC ,7792378001712,"$ 17,22"
BUENOS_AIRES,PERFUMERÍA Y CUIDADO PERSONAL,CREMA CORPORAL HIDRATACIÓN ESENCIAL  ,HINDS,250 ML ,7794640171468,"$ 40,30"
BUENOS_AIRES,PERFUMERÍA Y CUIDADO PERSONAL,CREMA CORPORAL SOFT BODY MILK - PIEL SECA  ,NIVEA,250 ML ,4005808321216,"$ 46,45"
BUENOS_AIRES,PERFUMERÍA Y CUIDADO PERSONAL,DESODORANTE EN AEROSOL DRY COMFORT UNISEX 48Hs  ,NIVEA,150 ML ,4005808979691,"$ 34,65"
BUENOS_AIRES,PERFUMERÍA Y CUIDADO PERSONAL,DESODORANTE EN AEROSOL DRY IMPACT FOR MEN 48Hs ,NIVEA ,150 ML ,4005808979677,"$ 34,65"
BUENOS_AIRES,PERFUMERÍA Y CUIDADO PERSONAL,DESODORANTE EN AEROSOL LÍNEA SPORT - BLACK ,MAC GREGOR ,105 GR ,7798025515861,"$ 33,11"
BUENOS_AIRES,PERFUMERÍA Y CUIDADO PERSONAL,DESODORANTE EN AEROSOL LÍNEA SPORT – BLUE,MAC GREGOR ,105 GR ,7798025515878,"$ 33,11"
BUENOS_AIRES,PERFUMERÍA Y CUIDADO PERSONAL,DESODORANTE EN AEROSOL LÍNEA SPORT – PINO,MAC GREGOR ,105 GR ,7798025515885,"$ 33,11"
BUENOS_AIRES,PERFUMERÍA Y CUIDADO PERSONAL,DESODORANTE EN AEROSOL LÍNEA SPORT – RED,MAC GREGOR ,105 GR ,7798025515854,"$ 33,11"
BUENOS_AIRES,PERFUMERÍA Y CUIDADO PERSONAL,DESODORANTE FEMENINO ROLL ON DELICIOUS  ,HINDS,60 GR ,7794640170102,"$ 17,98"
BUENOS_AIRES,PERFUMERÍA Y CUIDADO PERSONAL,DESODORANTE MASCULINO ROLL ON ACTIVE PROTECTION  ,ETIQUET,60 GR ,7794640170164,"$ 15,33"
BUENOS_AIRES,PERFUMERÍA Y CUIDADO PERSONAL,DESODORANTE ROLL ON INVISIBLE  ,REXONA,50 ML ,77941923,"$ 19,74"
BUENOS_AIRES,PERFUMERÍA Y CUIDADO PERSONAL,JABÓN CREMOSO 2 x 90 GR  ,NIVEA,180 GR ,4005808626380,"$ 15,80"
BUENOS_AIRES,PERFUMERÍA Y CUIDADO PERSONAL,JABÓN DE TOCADOR ANTIBACTERIAL  ,LIFEBUOY,125 GR ,7791293024752,"$ 15,65"
BUENOS_AIRES,PERFUMERÍA Y CUIDADO PERSONAL,JABÓN LÍQUIDO SUAVIDAD DE PETALOS  ,LUX,250 ML ,7791293026497,"$ 36,22"
BUENOS_AIRES,PERFUMERÍA Y CUIDADO PERSONAL,JABON TOCADOR ANTIBACTERIAL (PACK X 3)  ,CLINEROL,270 GR ,7790828001848,"$ 21,54"
BUENOS_AIRES,PERFUMERÍA Y CUIDADO PERSONAL,JABON TOCADOR ARMONIC  ,DUKE ,90 GR ,7790828002609,"$ 6,38"
BUENOS_AIRES,PERFUMERÍA Y CUIDADO PERSONAL,JABON TOCADOR ARMONIC ,DUKE ,130 GR ,7790828101067,"$ 8,32"
BUENOS_AIRES,PERFUMERÍA Y CUIDADO PERSONAL,JABON TOCADOR GLICERINA (PACK X 3) ,KENIA ,270 GR ,7790828101555,"$ 27,91"
BUENOS_AIRES,PERFUMERÍA Y CUIDADO PERSONAL,JABON TOCADOR GLICERINA NEUTRO - SIN PERFUME ,DUC ,125 GR ,7790828001466,"$ 12,40"
BUENOS_AIRES,PERFUMERÍA Y CUIDADO PERSONAL,PAÑUELOS DESCARTABLES BOX ,CAMPANITA BOX ,75 UN ,7791070000764,"$ 8,00"
BUENOS_AIRES,PERFUMERÍA Y CUIDADO PERSONAL,PASTA DENTAL TRIPLE 123 EXTRA FRESH ,KOLYNOS ,90 GR ,7793100120220,"$ 9,87"
BUENOS_AIRES,PERFUMERÍA Y CUIDADO PERSONAL,PRESERVATIVOS CLASICOS ,TULIPAN ,6 UN ,7791014001512,"$ 32,41"
BUENOS_AIRES,PERFUMERÍA Y CUIDADO PERSONAL,PRESERVATIVOS SUPER FINOS ,TULIPAN ,6 UN ,7791014001536,"$ 32,41"
BUENOS_AIRES,PERFUMERÍA Y CUIDADO PERSONAL,TOALLAS FEMENINAS PROTECCION PLUS SUAVE ,ALWAYS ,8 UN ,7500435023320,"$ 22,49"
BUENOS_AIRES,PERFUMERÍA Y CUIDADO PERSONAL,CA T1 8X12IT HISOPOS ,Q-SOFT ,100 UN ,7790773041005,"$ 25,56"
BUENOS_AIRES,PERFUMERÍA Y CUIDADO PERSONAL,TOALLAS PARA BEBÉ ,Q-SOFT ,70 UN ,7790773008602,"$ 22,67"
BUENOS_AIRES,PERFUMERÍA Y CUIDADO PERSONAL,TOALLAS DESMAQUILLANTES ,Q-SOFT ,25 UN ,7790773008459,"$ 51,65"
BUENOS_AIRES,PERFUMERÍA Y CUIDADO PERSONAL,TOALLAS REFRESCANTES ,Q-SOFT ,25 UN ,7790773080219,"$ 51,65"
BUENOS_AIRES,PERFUMERÍA Y CUIDADO PERSONAL,PALITOS PARA BROCHETTE ,IDEAL ,25 UN ,7790773034502,"$ 41,30"
BUENOS_AIRES,PERFUMERÍA Y CUIDADO PERSONAL,ESCARBADIENTES ,IDEAL ,50 UN ,7790773034014,"$ 12,41"
